Random1,Random2,Random3,Random4,Random5
0.17562647412314358,0.6592378731545804,0.9726956088619169,0.5419031010508667,0.9361854700687212
0.6328041954143258,0.38584378836906674,0.8834383458116751,0.8206642101034222,0.28155740540102925
0.5259449437315377,0.28577447178785675,0.36725039905738177,0.27263277826581145,0.8032008189439164
0.7226985629136002,0.09241514756505287,0.6032050918761725,0.480399217750338,0.11293005941471601
0.7736254814297685,0.6275336675471712,0.8524971353482336,0.3129688906474827,0.08609129911463842
0.7381833361871085,0.10813365238548733,0.11543887969040889,0.3218630580826678,0.7519436553791197
0.3950845018083441,0.9566930166562976,0.09568037259454865,0.8503899843289169,0.8120783008802547
0.025090628171449914,0.13550057325983256,0.03272864883577842,0.9904192260807557,0.12029606819779337
0.1961261749042691,0.7174634644091233,0.8775669401915976,0.5990980649623237,0.2761606759744497
0.24661391446047465,0.9503642749897984,0.13401991851339679,0.7820159773376271,0.7001554592435395
0.20266150671176175,0.9295849177923071,0.6855807384494096,0.23518041553958013,0.5602412495566093
0.25554077265328146,0.813259756942467,0.07501581110294486,0.8723866113528834,0.6928120919835082
0.039875121302898164,0.9743487623526278,0.5116493864100592,0.7949354635703128,0.9401092480226743
0.17259724923459996,0.9509010947541081,0.861991140875301,0.43002938780396405,0.7362075553856279
0.8731615354155092,0.7470139914204417,0.7178890198678635,0.8544753032660711,0.05306427457018448
0.8480630095844448,0.5793436210340731,0.22394896349654347,0.8818305787351072,0.45964220107971687
0.6505142284438887,0.0914624456609886,0.8484907800233773,0.5410065932313952,0.43997825116931855
0.007223801715840916,0.3819005500648788,0.9848160623633836,0.8932171482399639,0.14181562704760542
0.009457845670878151,0.2821599369468091,0.4295870969025323,0.5734294690829257,0.552761439919644
0.016813278723917247,0.06181172147486658,0.9599361715291788,0.00636892294316016,0.18951075005273443
0.08134181320826173,0.9515383460625602,0.3195152564788679,0.7722596878478092,0.21930273648843046
0.4447174665455186,0.7687990344569229,0.7069828255469187,0.6984622564130355,0.4934431536302828
0.8047330340817073,0.22692491957886074,0.2838955888101725,0.606081785706959,0.9435188337829533
0.7805793902036555,0.6679914705147199,0.40195199889381505,0.4233084980611671,0.843283318334998
0.8032818813880325,0.6111809192110982,0.983358399064238,0.3951851311507415,0.21398184840338674
0.05795766509089628,0.7755684792386079,0.23200412961325312,0.5608107417115117,0.9724909450288045
0.023288264173960127,0.7628395600641038,0.595374504314707,0.43359971627468763,0.31114593035795635
0.8589160605147994,0.5377714316027498,0.5517774124944524,0.3042987330270669,0.9610287447317968
0.6537182571365545,0.9017820249690179,0.8389216776983991,0.8530622771260796,0.6983661410545556
0.5701597884319745,0.11435106420758612,0.9528477828101225,0.09718034610121007,0.7065591905639941
0.5675776697737164,0.6385272372461246,0.08667070983168901,0.266960809195937,0.927427063306844
0.7668394835860564,0.17623105376177872,0.35833515442045405,0.23703778920191443,0.9211088274654882
0.5681581909403625,0.13378660177584123,0.4573553231268278,0.6673905714778976,0.5854230339250052
0.10746759076878809,0.03541095114147108,0.46753797282264464,0.9502967712390532,0.48334330144123894
0.38369731772154236,0.02862043773532774,0.2593094934234127,0.7397471735952954,0.6724961507776664
0.26557265707946087,0.14945753846394572,0.7678317759323922,0.8755432489210793,0.09866991304133521
0.7301697466570114,0.8077666168150276,0.9383535030350905,0.21091983458650854,0.8287184815133234
0.8943031329319663,0.49971632562735113,0.006155548045437387,0.7661117129577694,0.9632428186508366
0.5220129177515893,0.974211426065322,0.8866491927801169,0.17992928678061793,0.5019079935726255
0.3124809893771392,0.02301733490648228,0.4816240704312693,0.19533402031779046,0.04210670878959111
0.6733568155462694,0.15367138280086456,0.5317623827352959,0.43522103352480634,0.24879236219086165
0.15908753837539436,0.2894364858078359,0.06342000809305903,0.08760297908252201,0.01731351362642697
0.7735878975056715,0.5840953577943926,0.03639683567261964,0.1447642212492548,0.3697947821387292
0.034971533080081496,0.6020027029090912,0.6005319734742759,0.6753513919953316,0.31617614119174897
0.13436758142131966,0.7761615114798135,0.9392510562494535,0.4847958022694795,0.7952096138436191
0.515310410313504,0.2093883595076823,0.8667294148381349,0.8945712736132191,0.4916160949625087
0.4251406944314192,0.8343468648618316,0.0789569278462714,0.20364655779988194,0.7317508414664806
0.9380086681365536,0.04367733573372623,0.26708019891983603,0.7587308464346582,0.8404767263149868
0.8773675872465071,0.42494343929029466,0.8332574094396399,0.37554337744975785,0.3070807183659031
0.6035954412250824,0.1000541628619468,0.037260677817837595,0.38371966259822476,0.770843369531797
0.5211329561915846,0.9879218219523581,0.41382592724182987,0.8383171113890528,0.6676451295452387
0.6003904467214518,0.08260295401775664,0.21307887070280784,0.19434373868126664,0.5222695542957956
0.03517238743845519,0.7494863628879229,0.105574551604108,0.49178659592741125,0.03222503631198337
0.46025122830269694,0.9898529595345236,0.6234455988355855,0.27027638020704714,0.3898184408492259
0.6501975787425026,0.5205626472239896,0.9091939947049392,0.7607126327326079,0.04593943851522142
0.37432262058072063,0.9035083162515634,0.14775738170959007,0.31833006768028693,0.9878261720587854
0.04862254811290101,0.1962535853606353,0.07142888467773423,0.13867209746679632,0.734303272480959
0.5466047376036595,0.2502517872787068,0.2967040127331818,0.04217269123968459,0.8764317718663099
0.19948880251857615,0.7268795015966215,0.4496160788143151,0.3793719014784398,0.4988039538838953
0.7295485461572975,0.7015249327732944,0.792327151318959,0.9060024906376928,0.07336278104670901
0.5460141504662401,0.4187072507991684,0.9365251729968759,0.5007281086153108,0.22852614485897238
0.8114659454100092,0.5749754029155497,0.6432611021449296,0.7820621926049479,0.0381875088079362
0.8220931636762658,0.04727916675924504,0.41009676472946055,0.7004056835210982,0.19771355268048452
0.7809885228016299,0.6384691920396661,0.9431094606809705,0.5177486942122531,0.18730549310005828
0.08916462260781188,0.10077106740079611,0.25057224695843616,0.9587504803877219,0.3931200080207804
0.038479765246972275,0.29808141132566257,0.6075857448662452,0.8740020107476615,0.5236251303492923
0.9936024980239131,0.653437206858309,0.11673892658323015,0.9483093805287486,0.8068060511759558
0.480122450077489,0.1638775507368483,0.37963444133979307,0.750100717986319,0.7122963251926573
0.2941802230979341,0.839084696268773,0.2215778774342001,0.2296340797141737,0.9912342244825266
0.7176233527199355,0.4535797724107169,0.46793395502685675,0.613102819372067,0.07547853028789264
0.22521332542952166,0.12237054426453464,0.8691127278357622,0.9481232065783474,0.09612302739366696
0.0733722482432212,0.21040031799969083,0.6051022648823661,0.5057977661427501,0.3346227200882581
0.7947524472294067,0.9823513976499765,0.8509285306896832,0.47882834243441874,0.4903569881835873
0.5560867960353955,0.00013528054061762163,0.8136223785751922,0.7876853751547445,0.7725559556045163
0.3528064832918131,0.593972505481687,0.040124215641834216,0.4577964563649263,0.030535242898234616
0.232956280529506,0.9392867587625973,0.27971817640245356,0.7637165674060041,0.3166492079432697
0.24449164445396765,0.8576839464517217,0.3192114470042038,0.1483060377603176,0.3154920469454171
0.7091048623840054,0.3129244107029092,0.5406380707318085,0.9305686944806866,0.996736316948272
0.07264239365087244,0.8523984164685382,0.16793001408427732,0.7098042016644669,0.16725075126959554
0.6135053873212563,0.6016954706860069,0.3497981198541438,0.7625480331057116,0.9345948076743327
0.8081052472633525,0.2265706331957017,0.8598853152353679,0.7381758159055399,0.7628731285603476
0.9638444713045959,0.7490022617716949,0.5014220759023665,0.4162757601476885,0.9149738575782267
0.10721197730782073,0.2418617012767037,0.9398419635068261,0.3722669657338096,0.6433682962313552
0.43584350341915645,0.9825706337711059,0.5455247629817271,0.42692931496621567,0.9346737012258822
0.6790544220277777,0.4302196462037352,0.5577332058499904,0.9827962404716085,0.1519406594751247
0.5564528835289391,0.631177540632302,0.16027593346967084,0.05295370673349653,0.6801495474340772
0.742544152847401,0.7288171907683951,0.3550566579400275,0.7099041231760452,0.9121923723798182
0.5330183996752269,0.09317894887783762,0.12308782177470046,0.4122589482287631,0.23286696951206998
0.8161019116820986,0.36707642930059325,0.09957375785184319,0.4767768019868528,0.191135029812604
0.13676388351933932,0.5124774999815852,0.29738251449079567,0.6895826184202359,0.38148712418280795
0.9008649389503477,0.5396590005024922,0.9779960059660227,0.3261935558030491,0.6110435907901539
0.7887611842546548,0.9506182834389589,0.32959860450762635,0.5274260299495359,0.2547114756041645
0.08723271956701395,0.45914614564671186,0.9272039596879077,0.2903487466768413,0.26279212249646955
0.2721580752837349,0.8642982495575547,0.3013209252748481,0.9490209304800207,0.4660159854947875
0.6222437665271979,0.6558567788637382,0.2509139369282224,0.4490209039138896,0.9496977894979228
0.05363683365385996,0.6440945701133489,0.8764466108924194,0.4736213582644021,0.08183154876932064
0.22189463682049804,0.40847350378980596,0.9477248106195302,0.6608524035750211,0.27903885825906793
0.24803218122918835,0.6531401593186977,0.8588190569117785,0.6098590118685024,0.3877333243748705
0.9081442738401475,0.5031471208812702,0.040499700740328715,0.3422281186889693,0.8684526028143649
0.4083509455816198,0.8019789070989689,0.30190218296577886,0.32274116533642816,0.33092018417577207
0.26165582504630525,0.8345769997712054,0.5301488005454081,0.8772692774532371,0.5551797752012474
0.1875442916054959,0.7532757118355978,0.317739362092075,0.28825085820266927,0.9767534042400144
0.15215678355979267,0.7123247128329243,0.5764291168943658,0.09180117956049272,0.3278103265405026
0.9357675745262767,0.4591868009050154,0.4057073392243795,0.41024682610369734,0.5237878479715082
0.22034294621973594,0.4976467664107802,0.6816053342088152,0.7676238575055644,0.9141121457414012
0.4082045756308633,0.25784461811753767,0.8502500838331025,0.7415108830557489,0.4588975342913735
0.5995735815683995,0.24977228235494076,0.7687411025285983,0.8226263263897708,0.9536361332920487
0.6675649471504164,0.6151234020639578,0.1315823710930546,0.23470516681779274,0.9641356698826057
0.8416223365903992,0.04124855895757562,0.13890545597195703,0.05638164816999136,0.9729497246611403
0.187710424388014,0.7001476543657588,0.46966565525735915,0.7246773204323478,0.05978186079512171
0.46784274439762563,0.462508731195834,0.116988444230677,0.86681178599975,0.6141433437924583
0.08118297923725759,0.5489918817147256,0.8570709699762726,0.9399123595392673,0.835604018581576
0.26466370974367825,0.017623825064441156,0.9187249784546598,0.21932927904903055,0.8412620847304152
0.6395959293056932,0.7146090270189132,0.2393926469894313,0.9370147695952912,0.27275441173943715
0.8428428845825502,0.559407630326381,0.982109040990122,0.5898552150938556,0.6938261876955882
0.8460195387232643,0.7774324376182222,0.6496526250326843,0.7374876033559568,0.045930036167845634
0.7920046336065388,0.08577413056051919,0.05751629615647835,0.6283530689409094,0.4216260057189172
0.16829319465524017,0.7946094609048553,0.8475880803449632,0.692370257394644,0.425596326016501
0.4347005352075126,0.8398564302319524,0.9487441946490268,0.14784649877964873,0.027811458004198375
0.03302961714335728,0.6556262667226628,0.3724901453778199,0.3702106985165916,0.2942890578486945
0.7334276447752042,0.8454298960432612,0.12613611093292243,0.32828855974959303,0.19714020665781506
0.3319142530073539,0.4882644990349295,0.5246875606323176,0.21085834009594473,0.5898856097486034
0.29722143466614326,0.9119436539864524,0.5114835059099555,0.9342580277565393,0.05961013936849535
0.13566699183315623,0.07644822992204248,0.9578169728062745,0.9143754798342321,0.38191044792062623
0.7887460458489521,0.625865458085468,0.7569198362203219,0.22158274144274004,0.5600142964668572
0.5230137096792469,0.8126762397614623,0.5819506605210086,0.27000232656267253,0.0802060494630431
0.002313920402237102,0.16639202695860755,0.5806558026226892,0.9094590300791661,0.04729285956262974
0.9250267456410504,0.11410334467083671,0.42173916881593976,0.435850425894743,0.5179269178375276
0.7196387844934153,0.1762828764094292,0.48706067243589246,0.016333459394713312,0.5365335157431305
0.9761296243854246,0.1645905486504331,0.9431322208568612,0.6086050377061825,0.7741107179284034
0.17977507400856751,0.5183314169985584,0.2454652253572337,0.9442078064331468,0.7007934943156817
0.4413750526804455,0.6359909129785816,0.7451577043234686,0.9926128817983816,0.20415720433263385
0.1975554685859633,0.37797646039071997,0.7369258082572211,0.5696935960469598,0.15155313647716928
0.5008507734780501,0.9246163193960452,0.6739386175748218,0.1696900512959516,0.6395930306185299
0.9347671367111553,0.48552143691828764,0.9257763472337223,0.47614348808951545,0.33066107418859503
0.024507329660915955,0.36177053008191906,0.49132854718895824,0.017053773328009725,0.848854236280645
0.5761908988931802,0.09479491031206966,0.4862971888511185,0.4343052140235344,0.2939443917510003
0.7704629188706443,0.6131251434054549,0.4883212145232695,0.531393294975665,0.5869455229613304
0.6273726490768413,0.8288922925322206,0.013932047779720347,0.27156137610011744,0.48043658621307683
0.007239326031578841,0.15395664079353522,0.19132944597582147,0.09827466924901296,0.25596448201662525
0.3422859129157291,0.3283926062732506,0.1052908587949134,0.05197584926275378,0.8312237483682294
0.5640166904782097,0.11503232404521013,0.4913962424034626,0.7021105472770759,0.6447474696745428
0.6336003928679532,0.5967006320357192,0.8578346982077301,0.25202283277305637,0.8146411566047836
0.8707514036515694,0.5463294695817296,0.7588543994599561,0.2353224583735023,0.03949272298817408
0.6179760620126455,0.10186276319604404,0.0070277481814573495,0.837910154146015,0.43959874456171455
0.8975507974535714,0.45196041206866655,0.7760150025449882,0.7419422153659231,0.3284801573056316
0.9850296277898237,0.8917748395194894,0.45393609944284496,0.44356233753139107,0.45533375872521886
0.8588538715601457,0.8166818088281471,0.04764671488268246,0.5356655467826288,0.2714407285028525
0.09269132648978107,0.6648649221473342,0.9761753338054929,0.9314842186044618,0.9005129522773522
0.5106407963636085,0.6132279834962984,0.13696178283121574,0.39467620269011605,0.029867752539674886
0.29250251711300546,0.6664497532378847,0.981836582560257,0.7567795972343884,0.8322484840815748
0.08751065773377709,0.6375589566312084,0.8773204456929986,0.26490345252220904,0.009369819795404521
0.3110882196001734,0.8430148463600285,0.33897579206983985,0.48243564921695115,0.41878077703186634
0.05324052879087238,0.7762210539218005,0.7168267245326916,0.21331651708616262,0.6472554920651354
0.027532965048720492,0.5885502060325052,0.9449620153410963,0.23936585839128277,0.8623095871701518
0.6595334613549163,0.544110073349738,0.009194455882476027,0.5554363819827638,0.8118480344768649
0.004376407736206067,0.29170186098657147,0.9252527067616019,0.9590719165060875,0.9135694286259914
0.12684155766475402,0.48139430774569436,0.1940241883193562,0.4489058440905803,0.3894103026327883
0.8357957978241567,0.8385536944643113,0.932736857822769,0.28841619105523164,0.3590152701906508
0.3311703458609342,0.8562287623845328,0.7349340767481595,0.980722443431734,0.227027671240715
0.26400512884113514,0.1729823967065982,0.8581737212835204,0.6217677840756413,0.3676521829404714
0.491323990405223,0.8138571751450887,0.20897642502172964,0.6924822734535786,0.2833799368615566
0.7375390586790836,0.3926310628180988,0.9961631112876583,0.15228449699822577,0.520300476223857
0.21575402886776118,0.31062293101394045,0.3482035281996244,0.8240148222076726,0.34408075356400625
0.9811056131678821,0.49251298662843046,0.5168260811975178,0.013845742715391518,0.3402837341909092
0.765111271807518,0.6363736137181142,0.3259605918688784,0.34248597673419545,0.4283384482225462
0.7225242984710845,0.3270022593578855,0.44236812979847495,0.04176281132271853,0.15445000739057635
0.823088115455545,0.9202396794689472,0.7860921059916773,0.6036932597064519,0.7606588714622281
0.7767445425217556,0.5984772202421192,0.696171295012608,0.8526643836777057,0.19151410682727799
0.7869127730678105,0.37508891449616066,0.9927197821716189,0.6231562968218168,0.2042474269028981
0.9790038885239553,0.8437776150970155,0.2709346084499459,0.30119905921801926,0.4715581049169073
0.11195773111246121,0.7721993051694858,0.4590842277442009,0.49203694094615,0.9129835393115943
0.4275331371751918,0.22654535858536073,0.25298818038301885,0.8853317701931376,0.3671133827690255
0.7854777570285443,0.8329669564163181,0.1474562626392545,0.8897112712230059,0.8202516481777452
0.9573890212569377,0.06751632345356084,0.0020900402465621193,0.04420756378918478,0.3928054482318287
0.9792970005982103,0.7076253746738277,0.5772677833992094,0.7024931057504853,0.0700869146546299
0.634193700327225,0.6957146420037248,0.8468252756732387,0.7167444847378531,0.20988540310567194
0.1464439877095659,0.2193993996046013,0.957441943495277,0.9463654795043316,0.5314532029780422
0.9920711488737264,0.3653665881544619,0.7071835937261784,0.35210183992488076,0.17790958941032942
0.31991842069185805,0.6347859524511097,0.7160962244180074,0.30308795764081264,0.4615758277949785
0.22708701003430065,0.537322005231451,0.2135415293184706,0.6187370644672961,0.7983136349020764
0.348667736624124,0.3358353478049457,0.8748962853033219,0.6944239364351263,0.5660835207050018
0.6592523701556076,0.9472515702195975,0.673415363121235,0.8126857133003973,0.8778230170100674
0.010002525872535584,0.338308103589973,0.5606934986062785,0.660080213850353,0.47175612919401155
0.10415931422001301,0.6508760781512298,0.4426625152676251,0.43642211045732304,0.7096112278598303
0.3684513585173407,0.23734018500924048,0.22086847753397387,0.2888947527779384,0.5237076126298289
0.5378193490922203,0.989726023382904,0.5143705528580669,0.2657744255684238,0.5168855746255392
0.9336390084156159,0.0689238920613634,0.6323331142111195,0.3522128933911455,0.4063038271841939
0.11655417832352555,0.317501578221821,0.7352001030167424,0.9373858856042036,0.46653035986211966
0.8159072685634026,0.7064870676470251,0.18368940004857637,0.5506053996046885,0.6273945992192103
0.6583900915179363,0.9794891262681918,0.18199569840475727,0.09271418110153307,0.14367304359041422
0.15313529614334176,0.8449395668438261,0.11450126324558618,0.6446624444399859,0.7217716931474658
0.44958480972057135,0.6685020478801251,0.8131694472495243,0.8715470963582785,0.6846420769199447
0.31068918235977094,0.6082168787867476,0.9507319428273496,0.6679300179014652,0.0738292098081923
0.9147670755097606,0.29953020118545015,0.28840489000531033,0.9005870044902224,0.9492522609815546
0.662998542664776,0.5578204151865083,0.7182742542787035,0.3634492625264968,0.8022525720003386
0.5255719817754545,0.2210210845724494,0.8302671091361685,0.9296311109408634,0.44231280086180025
0.6624528195484088,0.6616172052054993,0.8606595808315642,0.7747682590960202,0.755782204699305
0.8391916189878769,0.1777791739306771,0.7748539942213262,0.362893851160879,0.6248425298166475
0.6398962362017141,0.12472763483146354,0.39373619452938136,0.1141009085980006,0.39715626654771574
0.8429107536502839,0.19630897033800276,0.41342058798501324,0.06744589387914646,0.21372816467786604
0.7068462073954574,0.3426793224641034,0.2534985844325044,0.5100341420471373,0.7623551769286732
0.6226714105281442,0.1354562053518229,0.13360022093424118,0.6895990345717826,0.3530901759742604
0.6422870810082879,0.8082240471573832,0.3450354887418904,0.9113909348672864,0.7132362296356803
0.6656625620953337,0.7228542204875635,0.4562329107512696,0.769957556876615,0.44031072377966285
0.5669714507145655,0.0703473165346975,0.20595879074774448,0.6176286809173874,0.07312949580724482
0.6218791403910139,0.3558212736224412,0.5499219239234092,0.6478225707122259,0.38981975154786586
0.49621025804108543,0.24596844093731796,0.8241018215177681,0.11946133735263409,0.8481708037322402
0.38566308392418824,0.7766169371516694,0.26020166505795905,0.6413116118415112,0.2509849246357623
0.5019951636031851,0.04818748109457116,0.7248910616637105,0.5982579865612992,0.42825646239461124
0.8025707917742075,0.9056135041058586,0.25297947783853447,0.8964644853098923,0.3001210149961089
0.41742945868315284,0.14024701761051828,0.473215423889207,0.9365000265555665,0.32235564329240396
0.09848562890962309,0.9777570690698827,0.7688033122651619,0.9942517867031556,0.9951915840381035
0.6100671626661726,0.8902885675142314,0.3193391725531821,0.5648500211024942,0.7319471207056247
0.9431497136758469,0.4441197966229249,0.4002875435511565,0.4178361634207446,0.90097404882617
0.19325165203561745,0.9462351969790677,0.8042557064445066,0.4782141123868585,0.5540727581437719
0.03986298257319776,0.4540026115833308,0.49041119028929336,0.2653094512762295,0.13475588763104018
0.7916376105394588,0.4966168634251902,0.5156009143015737,0.6634937553040795,0.28669801687441365
0.18604044204810488,0.4737768470247259,0.22468565612330826,0.1598649091190778,0.6380773532966092
0.693430121653023,0.5842293935133256,0.735927285643229,0.6745644180397518,0.04187501392892723
0.41218521965886923,0.08157252562696848,0.1803601204117793,0.07648214339936232,0.137509217977124
0.9151140820102399,0.3382593912573102,0.7384523368914193,0.5733307866519715,0.8871685634092223
0.3291093003390062,0.41474811430448977,0.9708361669465412,0.5344130571855104,0.4614757986780612
0.35882856100270466,0.2980983404442773,0.17924629341030407,0.9024904356462868,0.7236880177863025
0.27977086547178487,0.319136307156638,0.5622688529877424,0.08544899893536873,0.8327966165536721
0.3816221789020606,0.3598358216256706,0.03826135213004378,0.6855895680110196,0.6324813608307784
0.18789923313252,0.24781065290520465,0.6953594309904644,0.01944200205732749,0.831828427113979
0.7373895456981142,0.7040274182399521,0.3685631607882319,0.3480230829758839,0.4963597437377827
0.06995378100500527,0.693827049736988,0.19464747569956142,0.015289050625673206,0.15912519491460375
0.22133799766536977,0.08961091912097885,0.3209568153728848,0.6789008449073699,0.7413654376732555
0.21640987239141773,0.4444302131018516,0.5265443732898248,0.22566414952710268,0.2280094712455426
0.4290306774994235,0.07221743547505965,0.41244677533307383,0.8663132557711697,0.9550759682627153
0.8036894506680176,0.680146828432037,0.09737369948017027,0.5415000209844351,0.03573787843099885
0.06875255511564016,0.20979931544608854,0.3671167504678283,0.024641715576730117,0.8015665357822929
0.615690907690762,0.6859474238609947,0.29535716820047186,0.483481642262911,0.9253460194561491
0.35877673705810453,0.9764789754481017,0.10413489747039106,0.9780700884492337,0.6841879394489886
0.6919947026323322,0.136762705254436,0.6908958252605633,0.4954844881116719,0.7053767539972003
0.9588688483363395,0.32478286847526927,0.7086961313429089,0.6448809469643494,0.9268132617786752
0.48382572717675654,0.7060405805525343,0.07783668043624781,0.3555258819291115,0.4004490953806771
0.15219278159221694,0.9552705104732371,0.425440884057141,0.8552295651467393,0.3299370563899372
0.04661450196028438,0.2241292559496394,0.15170071565835985,0.49818324065221364,0.6486548422402844
0.604140456148955,0.4053581524657255,0.5933520511625564,0.09462838205320923,0.7315616945103912
0.1674870512470581,0.5360819089935654,0.027566987523221287,0.8965356414331683,0.6123532685932093
0.46634406966183894,0.4761480290755137,0.5128106885066691,0.8622171895705176,0.9088336396080522
0.034658444135074684,0.3310592114036077,0.768912212376073,0.7615420212908625,0.6243317416902248
0.17893894147696987,0.21913354834563326,0.8377567997758801,0.1442480257507035,0.8509588212569763
0.4465126946946766,0.5169707946426185,0.5295149894136771,0.6611288473785091,0.4527669839670454
0.8736505438088652,0.08834213319552564,0.06530812828255628,0.13606166073277404,0.24652360263713724
0.941537077969397,0.10240061706654424,0.4641849049758292,0.8211092324358958,0.8603432199744128
0.2714419261858224,0.7557464099031136,0.011788995239694455,0.5060162660815933,0.6136580911255136
0.05346551564489577,0.3590781932803262,0.8212887620811173,0.1265677638708147,0.9373538569497145
0.30714060342545246,0.3913338862441911,0.19876327206607702,0.05088476519625873,0.8821858058745168
0.06494615828844419,0.45251270334697546,0.8890593146635611,0.1415255582617404,0.6416342691655377
0.19804690553256232,0.2847398501358507,0.5919209337924074,0.7811530141429138,0.4603749474335085
0.6374701956060157,0.39017858083768997,0.7185861683179522,0.7536095437348223,0.2505805063784713
0.7097557468287531,0.0869751355032079,0.8502070499309542,0.5456720335304621,0.07025819085399998
0.38833061217234766,0.2731451469540056,0.7404583564166526,0.635631345121772,0.8649329419400487
0.49418903741316045,0.9859278281498849,0.5019197998365599,0.9091419741555317,0.8277062533781907
0.6185241531787535,0.9085251355935245,0.24273484700421022,0.8436273637910754,0.431073895596952
0.8648047268899198,0.8825858344839852,0.27290601401329384,0.9508284028845341,0.376209478011442
0.04101555496328246,0.6888969164912577,0.7872254656249833,0.5599233599119503,0.6940922680008283
0.6347687237417897,0.9283897903534741,0.45425967499428666,0.7898538737084488,0.6138681921148879
0.22671128618241387,0.004471526493052047,0.16820499405149825,0.5399038772910331,0.20507356567168777
0.8769799311281287,0.04302868549903205,0.23741785171384733,0.7444080796187473,0.29182998074538624
0.24921319051234136,0.9934955104310373,0.5304153096970334,0.5959157803591001,0.9685898583567519
0.3219830885565439,0.31092253061907105,0.5689694186016477,0.15890562121548257,0.6232959324002146
0.07526975384365542,0.8986783030551148,0.7303167209016954,0.21661165010574446,0.31995758852490996
0.21488768660165347,0.3403811007469274,0.8118480424265728,0.21204867873586664,0.3758084922257565
0.1980744653959292,0.1084490558420449,0.9459699739068925,0.48462173345158244,0.508878576045946
0.9754381729356177,0.6143671358071653,0.5623631950609373,0.9354571993462415,0.20253668903866706
0.8627886984213691,0.44131867150101056,0.023562098998912262,0.7121024502825162,0.25739846215676343
0.3914648582890503,0.6671409277612332,0.8438973929334029,0.7619148683441281,0.4675616304228275
0.4485082342127489,0.0010587637161383334,0.6954571001051397,0.7817590071293394,0.6235273738801945
0.7486132698557629,0.9698624845800445,0.3136971573687546,0.9663253935914047,0.9869471322975176
0.6000450915828794,0.8539397237059669,0.0922257825338838,0.10696082148422781,0.3797989192444655
0.10455269508279663,0.33141026158698084,0.4297585620065931,0.5432377804549011,0.4422039422460674
0.16034065143169318,0.4636930325584713,0.6265067354639935,0.8877831127609319,0.5988009261074813
0.14476452901863268,0.3041094462799234,0.03857863031048181,0.8205794856096833,0.2960286973077475
0.02485112666673739,0.12403139391359852,0.8052686255493964,0.02180809570418618,0.046027643219804126
0.5135605169890647,0.03334562634109939,0.920540756481021,0.792796262077853,0.4682041173921695
0.425973455926258,0.37904372517903917,0.2868819568147707,0.42730385521673087,0.545457873046275
0.31834799349011433,0.5585124183000467,0.03408081708596422,0.4971707551824598,0.41140503614964696
0.8293539872364124,0.9032119416978619,0.7452748458449691,0.18009224062250784,0.810464489117139
0.919078052373898,0.5798126929996043,0.5069766566835886,0.12747311017269214,0.6700040134956021
0.6140792126939947,0.5846895614639773,0.6073996946312705,0.16129510880203723,0.823621541009189
0.7015742959588059,0.06401337445253164,0.5993369623344822,0.9343016509586769,0.14603664122971605
0.6035091466544448,0.010491800644879312,0.40170157971814546,0.9100516531801344,0.2669243927253563
0.7781033245826876,0.1788120217373037,0.42756714446025745,0.45016847982896246,0.13792764496725574
0.21443356450011342,0.3079173460888568,0.3910221799178948,0.8808838154539601,0.6604937975049712
0.21810447487031204,0.13398204807337788,0.15974885807679906,0.8832487960714075,0.7373376392827337
0.8813123347583267,0.6662051048989601,0.03625334271074321,0.49579281987914403,0.847881745850065
0.7633306610343115,0.4193982113482021,0.27573119168140414,0.332321692434167,0.16651865866500792
0.6992645824432645,0.6603808017871529,0.13786221093574003,0.6622719697794754,0.555529643635038
0.8468045179763422,0.5558172366592652,0.5329138070627553,0.6875605712282451,0.09493945275251126
0.615180745884573,0.42943750887079646,0.7744646814028189,0.3282670327788533,0.5162710022227525
0.8549638340447644,0.1500720672304885,0.979479642952612,0.022170710622183454,0.8929906316252892
0.14448395755079646,0.4661195770222897,0.07174920103496152,0.7770371564184565,0.5454017206107269
0.46866219936900644,0.12841054598783708,0.22416624354507786,0.6125635448327321,0.17475461967420813
0.8261417975316185,0.6260883115844846,0.942453131304165,0.5792862188731797,0.20424065732380192
0.868984516487163,0.3425077394556485,0.6824609645140867,0.975457479175355,0.07529564184705684
0.3828238390853289,0.3553942529474756,0.9549967432856769,0.7536467398594497,0.3703649220897156
0.33701265247443557,0.8104135169357432,0.245298219756089,0.9656274394689872,0.6828015766623783
0.40643096338965057,0.18845628395067315,0.8624025239386909,0.07614187450372523,0.8745119626284706
0.7374259873348771,0.30644456143118926,0.4882774951141464,0.7971766929413037,0.9258004782544429
0.4282789366506975,0.053082391513940896,0.33397044228047945,0.9574754755944466,0.5412264255138147
0.3671601702155336,0.7037508678142657,0.5239167782862416,0.8686423304865849,0.6305309813817828
0.45994652156334803,0.09606254579734663,0.48373964648264967,0.16192754840956525,0.6931921665386492
0.8180936950471954,0.25847439270802985,0.5842001512385665,0.07332169166662383,0.6625303757154981
0.9915189328786007,0.18258291702279206,0.06796220197092773,0.08304999054065243,0.6843437971911407
0.6931936937030485,0.4216229052575945,0.9923993786425138,0.07544814637185637,0.3760239989071299
0.35304246832439135,0.5957892335595106,0.16041730052113656,0.6460790252052265,0.21489793613277453
0.9560966842115571,0.984161730602866,0.35682784794078104,0.1705316760798099,0.23396416536256304
0.8845596828497929,0.812610205720206,0.8481475864326646,0.3648918138828824,0.19422217557159416
0.5678827127922036,0.6755185581778391,0.298421206729113,0.6606689447482494,0.2356148732432526
0.8812037762021636,0.9848352690039667,0.6603340241929719,0.1399048452322761,0.756042775713035
0.523137296906212,0.4108610525748937,0.2682138202430949,0.48036671633892425,0.24609253679288567
0.3403042716444199,0.2349368773453525,0.9526908060652693,0.04118187179574517,0.5844535589838586
0.2067756514577076,0.2852055171476977,0.0557850345952684,0.33149772764803276,0.1733913403938
0.03563684575355908,0.32519428485685253,0.9544977952689638,0.5443634638824281,0.8746788507953973
0.3658703854398073,0.22769435903728286,0.8811441511307359,0.222910166981372,0.37075209602071235
0.643136784472159,0.6905688164074957,0.23143000461876428,0.1747951012130199,0.9314102801101167
0.5532625357794012,0.35987401612097225,0.2992928182997239,0.8532633754622483,0.006863777020150397
0.635431337478665,0.6946227394592916,0.12320106410281029,0.6830355577237145,0.1518860819857074
0.24113499570210495,0.09566007850304215,0.8007566697156149,0.5260586071022224,0.5326702811247873
0.1342407772978197,0.35839596148871944,0.1025904031862559,0.12310774665767221,0.5379428000644754
0.9024039753660915,0.48469664060798634,0.34312197460400584,0.6801518016191316,0.8191589455620223
0.16473889762901073,0.32608273911138996,0.8844713839531112,0.22427543193770372,0.7511793309522525
0.6603319266431941,0.06939988796399432,0.1344512877550217,0.12813721998705285,0.2457673810757931
0.4385294493624855,0.22349399009673454,0.44530040771862356,0.17830549837130627,0.12772908981349473
0.4014378400317582,0.999748076299209,0.8554415006025029,0.3084823904770797,0.6904087209051327
0.4897608206207127,0.7204682855700307,0.606861317272545,0.6701528027758712,0.49396155112887974
0.6013795444132387,0.9597852424184891,0.2401934539392292,0.08031147371940628,0.20759887905440855
0.6201650485753831,0.8132303830102382,0.06782957741258289,0.2771383309146359,0.20374895591427955
0.9942003818475009,0.9153791145182826,0.7504571146291513,0.6170402345885321,0.16702323358796178
0.6659895222338649,0.8784926669012579,0.998961383022309,0.9815315265171534,0.48218117468257005
0.6439073886228103,0.3570361733656702,0.3825367744710627,0.19114460838753888,0.37682890324180973
0.7376756173495737,0.379274339502095,0.5066113906874604,0.8766149553712991,0.14658991995442172
0.7572902159280666,0.9450396007155855,0.23887658628270214,0.7064502442370226,0.3161784087309554
0.7486172401434059,0.5098344670788038,0.6722215597134852,0.8546302728838899,0.66945782942117
0.6409623588357728,0.1713924636947285,0.6356298741444963,0.2214169385902096,0.8957383616363147
0.510738199609616,0.5400727349329751,0.4927191367523389,0.14566333889503613,0.6964651059497943
0.2492388132416723,0.4996400832577199,0.18564180793264273,0.8170493751798619,0.4817840454894442
0.42994319206815135,0.6889906097458918,0.5950768870810803,0.516411528461558,0.42070208222886496
0.8514075533994357,0.6635219562507382,0.8170492837607423,0.3008999240031148,0.9802822898359863
0.9187892788386766,0.9095396154687014,0.035580250629503096,0.6149086462590727,0.48129338450733716
0.9749996452550589,0.8439902336962425,0.8084234320979463,0.032152996184223404,0.8795648038872456
0.5988946573875287,0.5868294632117376,0.6788215778048011,0.8343136777176412,0.019173875778561
0.9103233209739998,0.5051987289523064,0.8197180818955319,0.6841850968377334,0.3831187249652076
0.09023012739986613,0.3001054908383476,0.54093067106599,0.5403194660025394,0.2411636471003885
0.8853823713026379,0.034098922325062286,0.4516124282852987,0.41661247353937014,0.06114144661942189
0.6012310388339313,0.46984183474574104,0.44430411552622684,0.9205745155596778,0.8007718699428921
0.27323803508238476,0.6926049350905096,0.532389034271768,0.7578395187590485,0.019057234465732154
0.7496179237178603,0.7536679771658136,0.08856749412345977,0.17127058825992691,0.7410872949631059
0.4383808733308475,0.778853615945305,0.549272081735022,0.32891432200644144,0.2987829468460037
0.26141552593888595,0.9644533950785763,0.7119667059315792,0.2925204906995327,0.02877390048598183
0.2788151548882991,0.49698035064353685,0.838514523120403,0.7462021967693835,0.6201077445744247
0.24097032787482386,0.7082955922990004,0.9868725618185957,0.37691301550080336,0.7859868611921993
0.0906566112892514,0.3504443281081454,0.07514845581090734,0.9626319688367009,0.6258839664948758
0.5025964580745156,0.40549238010080957,0.602850326723581,0.812786663156645,0.8993235186803553
0.5918606486863691,0.9981821048234593,0.21639348543492898,0.4622006912546365,0.33270182447008734
0.7488045815434211,0.9548593671086372,0.827625395398187,0.9285301057974713,0.9998737312020225
0.07463822810694443,0.7644940613891911,0.5800354266045653,0.7529757919377339,0.4407589604287585
0.6678057499927503,0.5576779958462508,0.2049048115349248,0.34980219675801005,0.7785068526813926
0.43513987094381534,0.48862565794307056,0.5004314183446402,0.737692952665528,0.8015605677667693
0.30129063296055014,0.16537152018902257,0.8266490431717803,0.012261510286096122,0.444013228119561
0.4486146375633321,0.8735142948099531,0.37703475610830206,0.9793785932710938,0.9966988645916331
0.45700134801482506,0.18443610551750966,0.35044454467534547,0.815461780863493,0.41890992301195007
0.7570618424601606,0.5566450674122652,0.796385793294076,0.8303550073466234,0.3524492000686481
0.2392235299440817,0.8700896798451809,0.5988407728374274,0.9662672965084925,0.42132554737032446
0.7331305147406122,0.8182563529381537,0.6746252449266026,0.9110544019512403,0.8753310622292655
0.33573849990425675,0.8175221687506659,0.7712788467162576,0.2829674015838004,0.010065655100879645
0.9611541457167194,0.11061682645305315,0.5854934661755126,0.802304743612072,0.9332586553225954
0.4421086391086195,0.5885031458462725,0.19975853418588085,0.35899444397764213,0.05986939137827041
0.2414727952114657,0.8888619274797523,0.7647771141098112,0.3487266214346356,0.18641077685409446
0.6667659648558921,0.4400387125932831,0.16465069720390446,0.6981750306960472,0.9833392956509602
0.5393248167478155,0.619328565042821,0.8772067699340398,0.07875270993334038,0.5924126918135276
0.6894514261981158,0.610583246700116,0.7535648344514312,0.17030407896519761,0.473258121841064
0.5374928235204568,0.663509485279594,0.3891642573470807,0.1923177197553877,0.6821036475418999
0.6220176183550428,0.710153793824595,0.7308812606241469,0.7003150319926856,0.0528046542316426
0.12585504175684448,0.304476710699075,0.8329479932160672,0.20293355598751006,0.2341401833915372
0.09191826238634981,0.7549514313780145,0.16992970391412288,0.6468503073098867,0.21848061065941704
0.2439076662547245,0.18571256050010565,0.44790044056061307,0.7173205565078051,0.37089792941774136
0.6618371285675471,0.9145695183229232,0.8990268038055993,0.6660191552256474,0.26412791253433143
0.995123796410162,0.4761554700124042,0.5801929655063668,0.6584945567981719,0.3580273319647812
0.415253233449966,0.5357571427309148,0.7658095332753247,0.04046326241298692,0.9502608149006747
0.2812185291487137,0.9569341681465475,0.6560173452254929,0.37107737501776006,0.7971496597549003
0.9910351763369378,0.7896342109901606,0.8032132180476549,0.6031685818246662,0.0720327068558495
0.7272976643622587,0.71190287217947,0.6840110144688264,0.012070710553855557,0.9651917975805039
0.10712182954490179,0.8702088419567596,0.34795344812203854,0.08738671945109155,0.3852076265694814
0.9246380839405441,0.09518721398193108,0.04043525763373146,0.5950232215542117,0.22543553386106185
0.09641426944048681,0.40451851521258575,0.918650512314743,0.7352668481521781,0.5065554937641307
0.19198506776379198,0.6104231930959112,0.934512104083135,0.004969388163820421,0.20908644090205197
0.1468006754970761,0.8764641113215763,0.74222523688766,0.5390678413628128,0.21673919766206406
0.24488618737753443,0.5698934164572859,0.7663495348176649,0.10607256625470796,0.5749237427059478
0.4935816718559336,0.8400356577641258,0.3849053813186667,0.6663822426765039,0.04305749961373895
0.14535974972379195,0.20251832684408477,0.5677116259584898,0.31646743696867496,0.7306231360134262
0.28302807953572506,0.31731462245769215,0.35143082816096805,0.4420637756498754,0.9245255167350804
0.6544197452497891,0.8227239600201673,0.8947396209355447,0.9457221414322742,0.7512966714452382
0.8634539538879407,0.5870275712468948,0.49821837229285815,0.6665635998019531,0.9451307488649561
0.6282276329731594,0.8603712930510479,0.8516037311357046,0.5871665763804157,0.08622660514364422
0.011407403528803206,0.021845407599236255,0.6637731654152482,0.08408732099019744,0.645229219171828
0.6927220240758475,0.4532969638679223,0.5124485254100091,0.5673879476105866,0.3892124687698476
0.7004992517181204,0.20498020317503463,0.6271947050716556,0.9955371450383383,0.49621744142268
0.333653479296261,0.6169919857974897,0.9230606268602484,0.6979871486650886,0.6269017167974458
0.6884244206035077,0.14466057490889572,0.9480312642628577,0.0036966168512184705,0.9974772579369322
0.3417623989760288,0.7465148609237366,0.8426136433082072,0.21925361439672397,0.30889544377609235
0.0031256290811958465,0.3577622030144938,0.6827110215285183,0.6465652643514388,0.11558232038582927
0.04032821683660892,0.43341310018177703,0.3944870505389225,0.5085259176076092,0.30040685144640755
0.6248873526086148,0.8336090447097456,0.15700277341782232,0.8983840804823218,0.5645545165886777
0.9438064029284223,0.5470846379780765,0.2849594567246787,0.7926798492659313,0.8714566954158421
0.8527153492179771,0.7223062030430217,0.07338501884887405,0.5632686173380099,0.978072689786913
0.39050815702798103,0.784386220708291,0.2359491768563593,0.35186380042804777,0.4602178744148918
0.26590306502021244,0.2219153472365505,0.3244721438651639,0.46406772778638683,0.18417050564189874
0.30849173091341087,0.9918916503298284,0.42302376762635174,0.41053090703761574,0.9876315124171868
0.2138494393309398,0.7949281591045578,0.08031502768801546,0.22366231197965603,0.8273195043861167
0.9994441036652159,0.3627568659016269,0.6993779272687896,0.8127521617023519,0.10850808001572965
0.6355041080259863,0.33805992152063336,0.793242362335204,0.46049041772567334,0.1588387330186064
0.5544668181151058,0.5635342099244874,0.5827676538943011,0.29847042069736174,0.14693307752208307
0.9367948665274491,0.547202786415357,0.5653297771255487,0.8122105150141874,0.02614705283770047
0.7623124740546554,0.6383289853050155,0.7362833638328578,0.9950093372678365,0.01478247002776023
0.8392594332131297,0.3308543201194154,0.3915908993806039,0.5808275553549429,0.4807720282015764
0.06828131187795394,0.0629931871421654,0.8473365602095395,0.20198619194936007,0.5963545585263056
0.6025317895994647,0.11513322867085596,0.9747545417098612,0.7484052588401502,0.8561377717821969
0.7184935941325612,0.5154383557898461,0.7819979514837765,0.5529458054363355,0.9854170822948253
0.4049158555748178,0.25482559613228195,0.9159081943955751,0.9110012347226913,0.7229753033296613
0.043457016722522,0.7779007320063075,0.16820191367412896,0.595805779280834,0.18662236765229456
0.07530898650196349,0.31168167045108586,0.708486431788154,0.6825386058276217,0.39733560982218563
0.14280618173813375,0.6088357177065312,0.24176701964209257,0.22053101484202153,0.43371876600636017
0.01952301865966688,0.04390577150218611,0.3542059937448504,0.220746949123651,0.11296161045843456
0.7953516090652631,0.3797955615989309,0.23147149331748906,0.5704763948700431,0.2410449198789124
0.580238775914493,0.17686097932353884,0.02332584930570758,0.030692936405276594,0.42364997692806505
0.4906068292175899,0.41673418212139757,0.06717126476726165,0.656897751160917,0.3714461041716357
0.7934859304326053,0.17057494228152048,0.24222905572333853,0.8954686090411185,0.07128039262855335
0.061997177617776233,0.5006099337799542,0.7459166747315467,0.9199369867647196,0.9802294729478258
0.8640933035794431,0.21230749605669452,0.13889625083725132,0.6952708649288178,0.7512934100180237
0.8312209778448645,0.3012554392209895,0.2566851526530498,0.8125061575867769,0.6224759025732551
0.6582472884511885,0.7680206716795581,0.37734711769941287,0.9934707734288765,0.9669622629090191
0.054242015283538225,0.05982547780347025,0.5769908944368288,0.48553578331618286,0.0844703251508766
0.6755255581443435,0.7450989842681696,0.9019366412717321,0.46835662121863075,0.7615734649289068
0.1672696816444692,0.7114044409095779,0.6063992622997473,0.09688427311924752,0.46711291236820995
0.04298474290395904,0.1943960335947903,0.7847901010800085,0.3514699234777384,0.8651503060808571
0.9750229158528794,0.0696547982929614,0.7131746915938074,0.44142719633585625,0.58287525388801
0.48915558480561305,0.825184898946717,0.7362137706501791,0.7634507139466905,0.29942110075701545
0.7434724155047642,0.9639066119914189,0.06725403147105424,0.7948508783157001,0.9234047696534615
0.70519913948345,0.2073765336163339,0.9604084804253458,0.7989247482644504,0.42503326624931737
0.3155882940767486,0.46676775314030616,0.8069168989456349,0.2920551140484948,0.6503024713877814
0.23889946572076792,0.872900127992384,0.2689088483781653,0.7763417789402572,0.6373026951828585
0.8961409936676294,0.6163498409798703,0.9288643539995664,0.9234310180479095,0.22812078490428234
0.6766858362807514,0.02215603093192553,0.3935765103759715,0.6497096375091391,0.7084576915024087
0.7691471702726137,0.112474322916013,0.5071077889123049,0.6613214078417393,0.05541939806935692
0.04993218027087931,0.04149761785058381,0.020558599612287676,0.05598566394131521,0.6847521658424913
0.9275801758965497,0.7700102794222282,0.24165926054582232,0.8981047518098734,0.7383643981553867
0.015154949142336505,0.9015889145506069,0.6209584359737382,0.83951957327123,0.4319482526592283
0.3043007266414345,0.9791106962001136,0.8846290892942663,0.9206778577507565,0.8965251953978457
0.4330818294737041,0.0013632029959061986,0.4689102781805986,0.4881525459432975,0.8483178644914371
0.9861489360830603,0.7007485036914627,0.4500028658380145,0.13058304456771708,0.664760702867476
0.921341188675673,0.7395046099354607,0.7805032061572422,0.21343781326865463,0.8153627760638034
0.28901061611805023,0.19194568826705716,0.963103567438597,0.4468170767063735,0.1816300848940846
0.3908269547254777,0.17985677656806498,0.5868058200156165,0.30019428397130066,0.13547917071700488
0.12608209149321747,0.8249788708036387,0.20045969657430107,0.40053024511442514,0.04247865845115495
0.9489576836893596,0.624574417222299,0.44767662764312155,0.18683683259140071,0.8680926956021081
0.9547876690539037,0.41918584118536095,0.7477255366849961,0.30691327411167335,0.12277968664503747
0.38218419001179815,0.8976415227544781,0.9552914418201469,0.6049551404014006,0.97605454463186
0.9143178412874334,0.6739449083144144,0.11716463434172408,0.9912795775792165,0.9176134139269796
0.9788052152033214,0.6183042282571998,0.55179210470349,0.08420429860050027,0.5741885372576
0.9373531523741935,0.4607970826676576,0.05297974687557683,0.07373772281671576,0.48678984285228366
0.06918116172236133,0.9970568890891766,0.40416797523129133,0.3778877096716242,0.43557635587379795
0.1867501370479432,0.4156740401945912,0.19421833217477058,0.09140952712642958,0.314541944227813
0.2870165795312487,0.9045161222058394,0.24057636996186382,0.527492248775306,0.426282746408273
0.3439574914319744,0.6918639823922785,0.8494804315631951,0.02845985455617861,0.4912912074538962
0.31005732167021705,0.482489482202204,0.3442363652639735,0.5298736497123526,0.31007063947012803
0.05977121765291826,0.4111640088457299,0.23826570843365824,0.5516449617273973,0.19472566693042825
0.26233088861226406,0.20272976086219663,0.9612527795614288,0.9001231839501675,0.3338635451662144
0.9159393660331215,0.2427481188403099,0.5968872841972651,0.5813045827843812,0.8885201147107276
0.12060618607854046,0.12882023122732744,0.02520589832152975,0.8830780313743015,0.036629480889598054
0.26496089689369495,0.8355222433826779,0.8277122182702806,0.07461695727309348,0.7924614013015472
0.6539619768266418,0.11779151640652508,0.1095441842063819,0.6015647761880518,0.5441261211808851
0.013306560804607126,0.36824885346295555,0.8514929253111145,0.9915279131892487,0.37064312957273593
0.014594424337679546,0.3833683400152582,0.6248083780537401,0.14467586484412154,0.2437247651522585
0.11099222249870566,0.8727107850330135,0.45564606441936395,0.08181720925395053,0.05206098061323816
0.22170833310018256,0.6799055494050082,0.855503869608483,0.8195161138649532,0.5585033638094226
0.7730642609984989,0.36194516554959766,0.44437583594461016,0.26727831484983655,0.005048743887204443
0.30050385825325165,0.4274453179285642,0.08554980207035567,0.9899954229193481,0.9662469773638669
0.21320956968717686,0.1120972018980333,0.02185710668627716,0.06486650243514047,0.1107065973142789
0.8879714651022851,0.6795918761049107,0.4252926925297431,0.8064898494697162,0.07245855628747944
0.14054829259521762,0.5073601860280009,0.152323020324575,0.6818026128181486,0.9860818385741235
0.58454769488083,0.07963833960887579,0.6878898485996001,0.8382946322318185,0.6152658192612016
0.8746745688906987,0.7703649828681011,0.6607184741742145,0.7010453746855653,0.34483162405490064
0.6372286323794712,0.2246850814028103,0.6483928256468171,0.10936563002651734,0.3969772526391685
0.9542114878241911,0.5566113772351632,0.9169863378111239,0.22874060222242065,0.5523179577817057
0.7904401718370908,0.28744911282286123,0.2704775242055535,0.28246976028211435,0.6053856304510453
0.523598793907583,0.1309347988839129,0.30462003994056785,0.6135558505691106,0.8899425748020476
0.5593627133904091,0.5593637492890923,0.5121204587228038,0.759192013114159,0.324299576003763
0.6582384619705506,0.6885693374231484,0.31867922855031594,0.1578135449289798,0.42364460404974824
0.6139392965798909,0.019762665896894682,0.3453518209227858,0.7981763831660212,0.02017735885195593
0.983283728907331,0.002443166531238772,0.19459792416427524,0.9605361469924728,0.14560988092752059
0.17227724095341646,0.608071739173799,0.15196934641130733,0.35955665707650664,0.8921087989961637
0.6676230432700571,0.5811259084356203,0.5528555866471243,0.8336374890955559,0.8733134673726228
0.7419165619495806,0.005610530746171238,0.7369649780931875,0.9759966664457577,0.4600418854792301
0.8888517563138106,0.24422372897462408,0.898311761272238,0.7907364580926217,0.8578473223373787
0.7392313282122953,0.473353345130726,0.25733379075540486,0.6358389190608272,0.2544863810111727
0.5076440873386171,0.8695240507044124,0.2499671574469351,0.7721526297709719,0.5060905657052441
0.6632701469021386,0.930322898704334,0.924366439273572,0.25559142639386223,0.9166010186004935
0.9453627239048414,0.8578061764307667,0.405062501838778,0.7077822373787109,0.9060007204759877
0.10376294547147702,0.4136053232366701,0.11032310303402515,0.8602137565547744,0.6618131526742712
0.9619895879668097,0.4246405958235371,0.7959028351333843,0.8251251189347469,0.3460829339167095
0.3784708754905678,0.2540274329455706,0.5561412376194563,0.28643850050292674,0.02832813156948688
0.16024472350241414,0.8872080023695522,0.03919092684353842,0.5741360057073507,0.8365171566409622
0.14040686966528304,0.37798024809078945,0.6555190478636974,0.19751409521483454,0.558209864498276
0.5183762612210747,0.34631221909967624,0.4413123158075638,0.2452242785098887,0.9794417920958363
0.19705052792775446,0.2612420372276343,0.5602461762637929,0.22557223526383563,0.8424716399828667
0.5871008563658489,0.2016228187834066,0.592753459645994,0.6434641423140867,0.39208133180393767
0.7974333267957944,0.6272147948839895,0.6719141478981522,0.6835975000906631,0.9438800999645705
0.3398958717536341,0.16909641637574502,0.6810796080491848,0.7508541533973037,0.04672221984166958
0.29226815627923897,0.4979504628568805,0.21485676183998237,0.9169344697493002,0.5575876982832468
0.2785140636189414,0.4265211269530045,0.5360101844437702,0.6682141099203343,0.2797853161401712
0.13165529697776168,0.6999244509808209,0.34709670008105586,0.8345475484977621,0.1920188261205562
0.0783648136973134,0.9636443805125929,0.9934127190011287,0.405002547834064,0.3867107124470752
0.2860799883275186,0.15459788141838826,0.8293897552983275,0.3950775214515114,0.3506239451261126
0.013277985766023237,0.6064179947428335,0.0023824633217114366,0.6744627305426948,0.6535326347172428
0.07589203491611018,0.9711255235207407,0.5482320200851191,0.05211732178543016,0.26948537131586925
0.9677577050504366,0.9908946621045835,0.41124029561950837,0.6779003038648828,0.7952150304562298
0.17001523223529647,0.304388466783828,0.8558867713674039,0.05421687440242451,0.1861503760304437
0.7781252908094352,0.25269803467524055,0.72112792180832,0.6360489772538014,0.9987863522645526
0.3285282031802793,0.6327758270288328,0.9921984650232792,0.4607638678931264,0.4809171012042909
0.4601331058292899,0.7664462226767766,0.10463414798793658,0.0020929455704262745,0.07548675183550058
0.5008586700962487,0.7345548735185533,0.39521342889731004,0.5417823917258398,0.15185122609714563
0.04817744358896259,0.9835785565822607,0.31797903180903053,0.03771612240174904,0.9235759137502219
0.23984989737362383,0.510249864535236,0.7576263684071691,0.5926456871022905,0.42688368963337486
0.3999921340945165,0.9984364442628082,0.23076933059961502,0.7558701033046648,0.7251053026730405
0.9921202975650881,0.07541590506214224,0.38036617551520646,0.11836674627796961,0.7144728051343444
0.35291826732037723,0.934425070299479,0.1019743987197641,0.319600156350205,0.9745389661929991
0.7763252057173355,0.4975715006494461,0.5101197885636366,0.023108377071815456,0.13909898270860466
0.21569434767105966,0.580200636857438,0.38686250985826,0.3214302674547127,0.7577117384258254
0.5359503946422403,0.31771705520976556,0.7258292869069625,0.689524708857566,0.40759639018387983
0.3526695705608761,0.3372577482781626,0.11518007003964559,0.7783767942605454,0.278131274055598
0.10025037527980563,0.6369845091465095,0.7620955624638849,0.5048993997945834,0.8964006965024561
0.1979100484431242,0.29993814279824194,0.7662999350002176,0.22571024098544412,0.5348303914831435
0.5957171944647959,0.2893804832022414,0.4328267599042238,0.4950711182643289,0.6673209098186661
0.43332431334452726,0.6674128801747423,0.12124499860800253,0.4146105726090764,0.7326995029240608
0.9425374927434778,0.3062042944153588,0.7203307080177336,0.0036308041249915046,0.04598900648497173
0.6063630756852009,0.41015856476961554,0.5763411755369511,0.33229516401143133,0.18903687655465895
0.2484729556396137,0.5954506177924228,0.5357381929978449,0.9961215375647614,0.7207029262866373
0.18745076576599728,0.8343351256378682,0.7788527182260333,0.10031134856849433,0.20025812915258712
0.3360839533099498,0.015495054042187095,0.49557050534604863,0.015190651599267357,0.29405722862339745
0.4849479900531094,0.9551342118298563,0.8918418616168224,0.4363000526008579,0.09838659869416133
0.8397874450684313,0.2508863005953633,0.3355747056636328,0.24113957088391247,0.009410145897452482
0.8017497068055287,0.3205383273401433,0.9003838305600497,0.4152789982243925,0.5513038602186504
0.8021377285508335,0.9937683021356037,0.21305980481905207,0.07966788944958703,0.7369919874569447
0.15333431799523245,0.8382172465389294,0.9144910576187312,0.30772295100619407,0.9893534256962384
0.6258377963219917,0.007802940208743614,0.8482125190437675,0.4358155944893696,0.8424649551171296
0.48989707649606207,0.9729269397380934,0.9229836430277449,0.49594521770260047,0.3266609658053552
0.6783254387262692,0.8783010131268999,0.6123936075076695,0.6149665393858669,0.20902932029553012
0.7463096319952406,0.14267900570122305,0.4381343007603997,0.08511540200255763,0.6159462427487872
0.5472287953185994,0.5657351384686213,0.9724883010739139,0.030616112760955216,0.7062071111920147
0.33930645838279105,0.4817099356641481,0.4686342288273698,0.5910430873513417,0.2992416574408856
0.901805399953937,0.938379064201536,0.9408183451899286,0.8398386221908015,0.5779646053264408
0.7013750058467879,0.44418038862248843,0.20794706234296045,0.6757277249705417,0.8883218451788988
0.3152237848525512,0.4526980041325833,0.5075070125520809,0.5229286664705157,0.9074591642479385
0.6297735489916073,0.9993551096823359,0.28188640076121074,0.5873143496470822,0.8919517659572148
0.7268195602487084,0.04789403680316362,0.19178634400949235,0.22017120750874553,0.3595622187357437
0.71090275190728,0.02783716527025315,0.8757042768042168,0.4305660500740749,0.036307044124350374
0.5517318917964097,0.8350307098611646,0.04262263601548488,0.10240077987753204,0.9339724236277979
0.6130058590200868,0.8097789695155995,0.08828382373551069,0.5872970566048488,0.595387387214872
0.39108680083871716,0.5281014238786844,0.7758403280892489,0.5647213257226783,0.7442385651524794
0.09105043731939677,0.8533515174029785,0.09073828798768324,0.08587282095681958,0.4998627595506887
0.18460137862254689,0.08114452466116262,0.3956136157274813,0.8282957488689145,0.4737106118944273
0.10307556792492167,0.32505915922294626,0.07291009320194264,0.9886330277413574,0.4882434687385928
0.6513852309382796,0.5704294097867255,0.9951197960039395,0.19578896062015672,0.02340591954881943
0.8653160361992522,0.08126743906399303,0.7525213351073374,0.3788751329543183,0.6337165204659143
0.49315615157050785,0.36036287254892985,0.9541610739509753,0.6116587838402758,0.32444100882700166
0.24057304229856735,0.008762848420722391,0.53491012577937,0.30657755035079115,0.18256630555826991
0.22175462628656717,0.8627505031563406,0.0488189199566903,0.5587360461752847,0.7362377600824342
0.8299421246460894,0.46898676965121755,0.6424918011989765,0.22272999413853733,0.5721185303632041
0.9954308650901155,0.8521237196658272,0.8356177314470771,0.8702247147391798,0.5181393374295878
0.17201906258447086,0.3895397997277317,0.39877806790470804,0.40272745108358865,0.43508520382312066
0.3485767739903498,0.28759365144841276,0.1154286520070038,0.03713949346842804,0.25386729622757354
0.39660443553606195,0.48808788686770954,0.717451297105015,0.12021366700321856,0.49147993970156223
0.6356092576094212,0.026935687566767674,0.920432216334724,0.9196053615983892,0.20915906082506397
0.5481649292006963,0.5822370457740463,0.6304636779085291,0.3885725253441138,0.7796100168811397
0.2449172912585218,0.32155353111815077,0.07993526234367132,0.7191934654883444,0.6411618768028298
0.8820157992449537,0.7955795000534069,0.44070351279332864,0.9871714380470953,0.4947496872860887
0.0528237019570168,0.7882787787502467,0.5501343938055188,0.13844344708255552,0.9695751690150014
0.5425845469204451,0.5616094122200014,0.036525765413353284,0.9964112578996716,0.2849224952741003
0.03199965462043053,0.06485893858299352,0.9123532230659236,0.7129520469707351,0.2630911004593792
0.10813006357404309,0.6233004384887013,0.2292404995550078,0.7907917878891709,0.7701480036408399
0.06130485121986806,0.651563050427286,0.518620958057507,0.6300554534678675,0.9190548873423642
0.7575556416304103,0.3497759612933681,0.09095093529610254,0.7532570965748847,0.38091590356848304
0.881725460840563,0.34499430056609737,0.0829505855955438,0.7983128882253596,0.5329265095420973
0.5355321343591911,0.23073916644547976,0.9814806670420951,0.8739023552279448,0.028995376667055095
0.7618887276443952,0.5701006191799367,0.14164938698030893,0.42465395558913277,0.15341773586504448
0.08452763000110697,0.3342938120037069,0.4285657254042682,0.3684015154093775,0.818885670668026
0.6790452330784298,0.570880129411798,0.6885312206159865,0.6694940467527204,0.9246399080520561
0.9166465963391182,0.055538031802799814,0.49117999625999764,0.9083654396412236,0.8841567278323541
0.31331948292192247,0.5995875208630749,0.24438039545203583,0.17087621375074136,0.6998167902905148
0.025266882238372368,0.5616419625361072,0.36449225721294487,0.08466725154212562,0.20523766576426883
0.5964429665987975,0.9688326414838218,0.8334852334329484,0.9101091783674865,0.7919287592468102
0.17547389145983638,0.1580500686370776,0.8562964022130114,0.4020882195992429,0.9057959073220075
0.8297425943045669,0.5441184596592159,0.3992216445579646,0.22226553791861037,0.2591007755722782
0.6964242917290645,0.3998305301763656,0.36152637630388307,0.28332316022673076,0.606988016983416
0.8489794645400326,0.04172055312623546,0.5888780419876462,0.9891988756725791,0.9827103850502137
0.3583077567751878,0.0940179131465444,0.537196667042732,0.9749262745751386,0.007725825717637913
0.0151285897775989,0.19845324172067624,0.7030503084362882,0.9620219145140778,0.10034781791450065
0.8475626326041983,0.8035455943069729,0.07184847837974695,0.8902906507743017,0.13074591784681155
0.046142119460197195,0.8852268553429349,0.2665127187445042,0.23654892725290932,0.3214774323851999
0.8917221770190022,0.9330975527076838,0.649111038003838,0.3333805260322994,0.647353141308473
0.6018162690846873,0.9625496293389705,0.8784649890886767,0.4883970786088945,0.903937953636971
0.33965840900805244,0.9453381098390535,0.7023172572981334,0.4142592092961058,0.6781800596027994
0.6254506465434065,0.29664514906900186,0.3327600842846975,0.9503892066059708,0.34558993868884824
0.7147096661377609,0.794346402623653,0.8429169025207109,0.25392422335929654,0.8866195345103141
0.14040184857697136,0.8047369397642534,0.008586664926591991,0.47016154931471965,0.8340176341779715
0.716649827850752,0.14956053474364195,0.781021200979839,0.03867505937109483,0.215090466781234
0.0047997027365526135,0.15456019527468123,0.3807195716169701,0.791253838034607,0.19506034387271065
0.00758606682317553,0.14415102024899695,0.2935051183541787,0.8136393667295382,0.6244905699983975
0.5939026857866776,0.1891910507978467,0.7279561368474127,0.5040967302030336,0.7382556493370226
0.2596780525836466,0.8804725518543135,0.6582784353174393,0.9353546033466308,0.5268671899271552
0.6926106045988961,0.3156698076294191,0.6531476351952039,0.9849450020379842,0.09381283795206175
0.7087979766600836,0.019292074316911045,0.415253938411433,0.3664245231707053,0.40742266524262516
0.7830948392985844,0.2650127752987934,0.02532178600915258,0.4164584105679535,0.30172969651559256
0.6137071564903294,0.8084290823855972,0.6839549685383048,0.9398079987219421,0.8455510542045014
0.6257091677680928,0.02044163955227918,0.3543362299873486,0.6354400378299474,0.6385377344045017
0.36756317051773046,0.4014802185718399,0.7179179932279752,0.3232180576570872,0.39205608843312645
0.5401461572694601,0.8913671980947538,0.01608884386403786,0.7029348781935857,0.7048122919713526
0.41127983228687826,0.2016888116376785,0.5716226397848775,0.008930668483962623,0.30156999590930433
0.09593151129850785,0.6348591694963501,0.038666483423611786,0.8924418708315472,0.6433782249085996
0.9063315632840567,0.06935067311366339,0.9952398604679568,0.5301736920091511,0.5917726193668995
0.8986504796619947,0.42728995114648116,0.9467747827353589,0.5432783446074854,0.3354228296128873
0.7830870476590721,0.7288565840253142,0.7641465411270183,0.2501119786211481,0.15542312074532305
0.06091579329369479,0.029338075911373718,0.16731532854126008,0.4448898205039168,0.586147918851827
0.24791506999451973,0.8553316482675564,0.239132495921615,0.10529153684715664,0.012684398232040928
0.40662836166759775,0.7074809759119243,0.5668617634033022,0.8502580301090691,0.5972761152487785
0.389384518759872,0.5342437206094346,0.7303909076823611,0.3121953244458914,0.6664263031096861
0.6594851052945655,0.4539789621492457,0.6845028032857138,0.6254157381585492,0.8449545293118113
0.4145849510760715,0.6551809044091765,0.07381076089296967,0.8803362346323037,0.2555715981735711
0.004507317980866565,0.8743884873529456,0.41767638071498103,0.14607663162751594,0.18209007102683894
0.07930205443178273,0.18556486702940922,0.7530093123877318,0.4883556481995426,0.4569123424700148
0.005557485461566092,0.27208054346223987,0.5976548826578592,0.7116023908969361,0.3788285211077852
0.21380735387065275,0.3489793883638189,0.867202932771244,0.7276680478199662,0.594887817912819
0.7630119916136867,0.3288929013992953,0.41255237458301697,0.7678871081004004,0.1595816862896714
0.5152597732816869,0.5154776449149218,0.11527858929395607,0.07730422036114781,0.8645320557867759
0.021520281414153186,0.5108583482974928,0.4226363290226788,0.8358811416514541,0.4898080877480939
0.21974116012787748,0.6685693448625963,0.8482123070565488,0.0761018743811478,0.3713514148161011
0.17575554295581042,0.4812793587207279,0.054280075229711344,0.9126173993540296,0.9798950914100478
0.5740711127446867,0.19117825923101728,0.4644574471737335,0.4183430769499966,0.5934809720232979
0.47042683823821185,0.498293439725667,0.49411954707131567,0.21053476308467456,0.788460929266957
0.17466854466123327,0.9012111475568371,0.06767798923061252,0.8082129396297766,0.003575622350882046
0.6320341045884287,0.29005278731269,0.2654067215935707,0.8334628773908711,0.5531379279506173
0.44657887259005413,0.3216795838742915,0.37800611942651985,0.9242850316597622,0.39302540130312935
0.5548800226361912,0.8738222399146196,0.3011910425321517,0.9617414011884033,0.08256270854650472
0.6874096136634432,0.6787030556872601,0.6258287227076804,0.7582160070278886,0.10416709931194201
0.521221643562507,0.7477201968435558,0.8709579069407271,0.22725024233964308,0.14611938081360032
0.7208581729297979,0.025971672167744764,0.8139817948354008,0.24490407265181557,0.5252669679475809
0.025045193294357282,0.06695795181170361,0.3485138634582218,0.20731283699189096,0.9301240565683709
0.3931199282575766,0.9833954420973199,0.23155971168788136,0.10732835394925966,0.41190175790075145
0.37812908721292204,0.15517430340001348,0.3525555634654576,0.26549940809175865,0.0728609980848055
0.464658038248429,0.9336692978109001,0.2460461232741108,0.011288717964179962,0.015943452665591495
0.948346570916966,0.6231240049072814,0.3809333690207797,0.3783638353783113,0.18656637419027355
0.14243734698318988,0.12219608570684892,0.002325912534910546,0.9182398909073135,0.15795826014092607
0.0922972277522982,0.6614550432376606,0.08242214621456767,0.7489252405252959,0.2090085834125004
0.7124785536444448,0.8629197158521076,0.14746142119131467,0.20418887498766347,0.3132709116673935
0.6945985040823925,0.5490560809658176,0.8587824011593388,0.6415230304831584,0.23114240362718785
0.15291443362029478,0.533562862571682,0.09377974564791469,0.6069088444262426,0.761967799930672
0.8739322884836701,0.7849612128314981,0.2680684384432861,0.6236058737799157,0.09133929033974708
0.46798889905737917,0.3828383007060524,0.8426180094389129,0.44374214011439006,0.46376055295685115
0.9896057127255936,0.2229845657458258,0.6449119799315943,0.6632565944307698,0.18506880670814507
0.12889846290745566,0.7250611107499549,0.3016624278267883,0.23994723776755345,0.9971853506944105
0.33450355620237837,0.14485622987015634,0.4744774375847268,0.29284674743036565,0.23996374395620268
0.2912658664511367,0.9386768839272055,0.15913461806581586,0.48598649226647805,0.06416271535506823
0.6732386202597141,0.15004661555452914,0.3102115206365311,0.7369211524943943,0.3923197519534092
0.2630817105192731,0.2142616333206404,0.44210472197592676,0.35342352251966513,0.9711529389968733
0.4008255602274987,0.11355120352700787,0.7678283044239999,0.7514690869632658,0.7767838242520441
0.9894518204929338,0.255953402964576,0.026747930587619373,0.9799225359120192,0.8457105268828498
0.26907276085624987,0.6108925274445332,0.9508800991510643,0.6194823449856273,0.8944664225672444
0.834718068024494,0.9170061572209952,0.30059712654485393,0.6399146296606689,0.4768046037759839
0.1843545620099334,0.9185760071803449,0.6997377370449136,0.25203991187373465,0.0538272571499504
0.2395474341682945,0.2456284341757038,0.9199212627631267,0.010975433415858715,0.2316730465715846
0.0533016466581504,0.05318461846142464,0.26443807044224477,0.7048363587901239,0.7239892157580395
0.11558616268224886,0.12522506292821534,0.6568009587162597,0.3744926708231653,0.2044279847939665
0.9901581354093384,0.33660981540588963,0.6105388113528163,0.769064861829043,0.8699407375343327
0.5094933516765544,0.6093964893729716,0.1499674755176399,0.4795255715013875,0.9992574912623194
0.09480137990894055,0.48791850966255235,0.2256356717038982,0.9677842507152655,0.28391190072642203
0.19172769774281562,0.5442291173078642,0.9316402531081206,0.08725678439973694,0.10524894176360311
0.834799023253137,0.45437527615697404,0.6414437523779882,0.8478236616589434,0.9927666690555991
0.2233942389401088,0.41946909818069644,0.9273004489510026,0.10473890851487366,0.28595514003332845
0.14718404386606232,0.9014168499331304,0.8062759984848022,0.7595013067012266,0.14562448122183824
0.8079943159048695,0.9220995368353714,0.553103832699437,0.10417796408976898,0.2606827983960749
0.7913839973470775,0.06506898249024007,0.5940060517772636,0.6251795068564784,0.30679277665781424
0.29623805686694293,0.3874621669313757,0.3958549524488326,0.24389104056611344,0.3452455858162955
0.9469572119924758,0.8789058703858139,0.9962507859604903,0.695042070147515,0.9976366137590292
0.48077222217718407,0.8467618290223712,0.07915419199720308,0.7417530168391905,0.015257924490796104
0.7311928900118564,0.5241662498786694,0.2532217878310097,0.3786955321050127,0.7273963644534882
0.7385781176274179,0.6041060447188371,0.3001100156395238,0.008669327400696925,0.9010921575415063
0.9423445001913141,0.5747696936518636,0.4142021388242866,0.7505683945456297,0.6974303578726256
0.3399689532910859,0.6931138841804415,0.24766346275290807,0.8966343152495354,0.09731843030004228
0.5572100036050075,0.7454499575983398,0.9060640894561371,0.07200086143560647,0.9272239376155834
0.01287228529161455,0.15622528477259767,0.8026788327976353,0.08284489370770809,0.7255232095140013
0.13410884254318745,0.13696867301333893,0.3173904494415285,0.9106009063750242,0.3550875261563411
0.4892363114033861,0.4898759220046013,0.38305164698900707,0.3014742216894305,0.7151857051835887
0.6476876256890927,0.6609710484668081,0.04959646696015396,0.45089763613122424,0.7048391583723791
0.7128545073263275,0.5531118667640561,0.5857965163530592,0.48311664028208734,0.8453853700524558
0.11670077568899462,0.9904136357929563,0.13518033051284573,0.028914519860507637,0.7277988302493659
0.22714592302861591,0.9087152758627842,0.8794034345464021,0.7638096711863662,0.24009695325004865
0.8545715912206976,0.2235223261715248,0.47256956135156225,0.3993421012562367,0.4760911721420049
0.27755007410485044,0.6590248078807116,0.8657666911455972,0.2106332362295361,0.6272487720284593
0.32654543709663175,0.22113690584012624,0.4503383428027593,0.5987678339321587,0.39410149105062375
0.6893883621692378,0.33472894867866065,0.28762510942044284,0.5118359049081479,0.03315454909227766
0.1077339128315461,0.9401212455941254,0.7850023622412365,0.40447506393371724,0.8545082329574094
0.8690336924768999,0.8776618912869703,0.7868598066491157,0.7171968412062311,0.5943360017991383
0.5221632368215848,0.058400688964369896,0.04741263191312206,0.9970470763758343,0.07510083539056789
0.0010203763212306427,0.36270495649756196,0.9745499620683905,0.39681466062604853,0.4744166605787553
0.36676944264205324,0.877642802473645,0.4632698768640545,0.3774592190895173,0.595366313667561
0.06154182481477066,0.5714046412019009,0.1882099184570476,0.4077173754664919,0.4780337364799985
0.2583888663056847,0.597926539924859,0.4509458723450023,0.6255397350887288,0.034964618327821606
0.5063387338081045,0.3848975060015789,0.13647171466165198,0.3875662451523523,0.8497709994406911
0.0276195977940632,0.6815759254834566,0.3630235681320694,0.9534221724082076,0.6652747788253593
0.9969412141870658,0.16872583977899958,0.540482366734694,0.7114527367688208,0.19260144145814884
0.20071444918446424,0.9405773597020669,0.5729450514033485,0.7439960510712244,0.36222337283863926
0.3670031474693163,0.842261783810579,0.40647472796109585,0.9567160456818896,0.770970268845888
0.6840253053639063,0.2590779574489147,0.060115346198013286,0.3867076745904514,0.7678936626229226
0.7781179283604848,0.05034502459866386,0.35154664551350734,0.3805192827891951,0.40046078499433146
0.24927855670842614,0.6187670227437031,0.589194858772852,0.7019216855047451,0.6784026511252236
0.4999128731744583,0.7712328781441499,0.5135817007240334,0.28092950553673823,0.09463880637292765
0.37675028171584724,0.11763879606770955,0.9952012186517644,0.8769639798760993,0.3476475019926636
0.35729833544319123,0.9107764878607206,0.062485522319286835,0.5980602204349951,0.8288000422777015
0.02795144033432051,0.8765161066193881,0.18884444007808043,0.27555971219151065,0.8163270059012201
0.3395600338168805,0.4633371838336814,0.21028802994912676,0.06691887629578219,0.6166482070683358
0.27822853193992936,0.2637578676714797,0.36657182086466766,0.36568774185525454,0.20020632436664243
0.06570657145042647,0.28550351295051424,0.4578146551754749,0.538572434877754,0.2532851963762751
0.9350536263010047,0.1707042439282097,0.6147005368441539,0.5688398790750079,0.6769856464539308
0.1322870797168918,0.14804110334922316,0.4073775410615489,0.3645748543532461,0.29763668445847924
0.07073729688057884,0.7873880751877849,0.48528284327616455,0.8026100104885686,0.21169622321954906
0.8185677576597862,0.5692507685790624,0.24323982663849153,0.12102303931366687,0.16141025381457041
0.21078712594469295,0.35855643718891583,0.17659353347349271,0.8059383620016698,0.06450743928997293
0.37128544756321025,0.3173150716205412,0.3389671106925236,0.2701039389865951,0.8283608873358468
0.8782217750784522,0.24685376396715986,0.4564228880551341,0.943588260432574,0.49832643624526773
0.4047656960511914,0.9900064532396972,0.4287078349836284,0.3950672398175581,0.14392224448123947
0.7168989933026237,0.9038606840798562,0.08905350007582358,0.0841572692287238,0.11610423279042281
0.7209356827820749,0.8381176361786239,0.32727252651685823,0.66579497841505,0.5071770009488538
0.5588495024109482,0.9093938161428855,0.39807092050657,0.12557671638138423,0.19956171695281189
0.9495527318828899,0.5047675054154789,0.3072891183314106,0.8833712369634401,0.38505097499464724
0.7256751022194713,0.13222225434064838,0.6791612821168234,0.11958822487163723,0.2324841971772874
0.5237854534495087,0.5791736663433373,0.4210378060495127,0.3530696780652187,0.051114584439446054
0.18302314251933105,0.15692453021086228,0.7531396108100569,0.6708616125727277,0.42764097174198734
0.3303077045770674,0.45726432470745326,0.9422261689646172,0.25555783033363444,0.3212783489866131
0.01866042212766461,0.6081696097491902,0.3350383325142934,0.591154396326594,0.7068045660840333
0.01437736369958309,0.29429473947623674,0.3486820749280898,0.500287412940585,0.12372260763025322
0.3188460107563208,0.8568529345382462,0.5797705913773521,0.247464402078459,0.2862531358254907
0.8335459633207002,0.732041996196716,0.09752040499062942,0.7207805437379454,0.780755807601244
0.26062456311856474,0.06007551150127177,0.6655749785908271,0.41754939478497144,0.8311688945887588
0.7223178026112285,0.359218957958109,0.5866556209899402,0.3976048832889969,0.28490595891631076
0.09498419914627454,0.882808689049143,0.6287775687980123,0.9184445928171003,0.956738706068844
0.19641857909047367,0.1625518895795891,0.02355269313515662,0.49027037664120965,0.3956285687263229
0.6263936011211515,0.7795366903912272,0.37192939023685645,0.6122461118896891,0.32408536138587996
0.7027281921512731,0.7702958695416151,0.281960885045314,0.41464261714109396,0.4260442061878412
0.050333845838164915,0.5472614163085138,0.7812998279053064,0.31711770601693534,0.6949327687250642
0.6604882034385903,0.18537995676537267,0.6286010855251937,0.377751014477383,0.7651908118047386
0.5316233927863178,0.1686677470248964,0.5538498085400394,0.3087876515549107,0.18157410230568694
0.22285894331121048,0.46021086656878596,0.6171520493638699,0.19944629595971564,0.2419747264873111
0.9763241938206355,0.5669942250489135,0.9287667839309639,0.9642077653660569,0.24686038930063614
0.8201857807813632,0.9853933195827801,0.12512135406237634,0.2015274960414254,0.779619512841589
0.7600212508416604,0.5181766481249888,0.7766217196004745,0.4556059931270676,0.41177792420281
0.21871475290661135,0.8615349924499666,0.08147511153924147,0.13792848514356226,0.3182272120724595
0.4722598889439362,0.009467996154910896,0.06325311338545792,0.2430646296383716,0.09394794422549191
0.4223914835176936,0.4068641279203309,0.9761032178242228,0.8781138022117906,0.7217346432238434
0.35044713721450504,0.3575481291927731,0.5203619786666297,0.4984950929843208,0.950240606623518
0.7754327012078895,0.8956485108041414,0.15233188514800566,0.07625745556741559,0.9755678227085095
0.29788904465108346,0.22485964251956225,0.4156866136457251,0.6644253019437057,0.9349051698025908
0.9960264035555955,0.0426957806887609,0.20698980449762838,0.015708252502390607,0.9009582947766943
0.8832119292432948,0.33223396633689095,0.5432464614967378,0.9444215850494017,0.8674514351745746
0.9130890587044924,0.8016609886567205,0.641787698730524,0.5309081878476523,0.607473134436081
0.9125559009769022,0.9269781604933769,0.6982997596899825,0.5508595580664585,0.6029275991210512
0.7997743226307747,0.09298760630722358,0.40874620933773054,0.8477292693987434,0.1087997529544148
0.20547557844873232,0.5763592785185567,0.48300448907103166,0.8789050524871745,0.570631585810634
0.9117128580449525,0.9999729648907513,0.6341431387567923,0.9664978658401507,0.806585230800335
0.5493077915325233,0.1908647784630949,0.1276768307219358,0.6371219159145407,0.02370891740176262
0.5924365013797029,0.4981194087556088,0.8878474359604391,0.923569220417722,0.6679092928864884
0.6392526258143296,0.6601743303497867,0.6758154177896927,0.7006896486332906,0.5734815092132824
0.5633874534216541,0.3202714708252544,0.02061923901758711,0.9336689683178727,0.32781831858542754
0.02354317427203445,0.5607964613879096,0.8313942061825377,0.0959948807971659,0.11751714544485292
0.4011863774031452,0.3120325952515949,0.9953668835311538,0.7736483055963124,0.21936172782954044
0.9633879084396775,0.8712135173620315,0.6472640671068907,0.3493355046662179,0.9231482824831161
0.46059785282104726,0.3421236041417013,0.9311944838097256,0.7123827882787056,0.630381619340949
0.3787413837924861,0.99739934843611,0.2573588503290225,0.17943746159970198,0.17886151058774313
0.09360773382832854,0.760008593408233,0.2547193877034054,0.5862301244849774,0.8818240039424895
0.1743615740554113,0.7375465731594704,0.45772358446221484,0.6715393328301364,0.9595782061925188
0.40717111844272813,0.5460529581307196,0.7050294219292972,0.5359453834422508,0.689334263502195
0.51954091433242,0.18388587404550272,0.17597300862436271,0.7151084435538051,0.3148375580539421
0.5436994634643255,0.8922382974801362,0.4393480620169776,0.5787363454699346,0.9927792134899612
0.7655218193409288,0.35027493807579924,0.01371489563844619,0.401914394524971,0.8155547702617687
0.36677009285273887,0.8655296649796029,0.5370135058293992,0.8080502556530297,0.8938006417430502
0.17585738352110059,0.7259158613066399,0.03823927640692193,0.7344771932909502,0.3491801456639164
0.45934971219059384,0.32888411267315387,0.01862432373681988,0.16521436880687468,0.6673036368538771
0.0875361287180112,0.8053556303938131,0.492927458630645,0.1356933844910554,0.1918051965543105
0.9861580680984008,0.47392758343083285,0.0070626253267304095,0.2991762680363078,0.16936909372794628
0.786240876771022,0.2424266254088363,0.7901027682807807,0.46805903090347967,0.05868960924473321
0.19330137618454446,0.053415433102586785,0.9622078115851703,0.05366046820034509,0.6656001633981153
0.9177065203775406,0.015857445011850935,0.7787215659585282,0.9079594389909814,0.26017806955603573
0.9189987441048082,0.4761978081107674,0.9949277746690177,0.7500033363904636,0.01052824763446647
0.42779921579309166,0.6624163868790688,0.15696019947420492,0.7021372167145903,0.38255206538697906
0.9591163591018823,0.4122323997157865,0.8945998758762239,0.33206997896178636,0.38231191315005986
0.8858579321446677,0.05076482409463179,0.8779814313431223,0.3737806842810789,0.2497060751936031
0.1603574723774588,0.5306159956604375,0.23144640377672454,0.46333653770663785,0.3023260074144305
0.376940604527107,0.7755520609188815,0.039022324964203436,0.19816201795853317,0.06501187362579075
0.02910666196164602,0.14569616959639442,0.59046167855688,0.39294839018565364,0.5722173759746663
0.6145855870763999,0.2238960878359476,0.8562390470435428,0.12184822666282535,0.21487198129613339
0.9580839102748371,0.888641188942729,0.7617607559302003,0.9017948096871846,0.10603615123956744
0.6610486139989411,0.2943994756427032,0.8480062420814959,0.4070454935380834,0.10351153117222722
0.8188565328160973,0.42752681299699047,0.2065875709409909,0.213156576908465,0.876258027302529
0.5802991915659322,0.1834141519960094,0.12332178090279966,0.968335022175405,0.7868573000222251
0.4786441434690091,0.05271033069811182,0.4701121503987047,0.352095557478194,0.12942126420395605
0.07048086595183345,0.14733097139226636,0.5993396119895341,0.7986509379858728,0.19558806464588074
0.9460348823978593,0.42108524767659816,0.9018804977487049,0.06374835110522614,0.1796355621493686
0.9452294067823205,0.027789218688722417,0.10922374135196278,0.7568486704349786,0.7634812966072727
0.7207618842695913,0.729190187682295,0.4597416482953981,0.710999211048812,0.8986186428584905
0.1263648913217914,0.18278538573114644,0.5278830546771262,0.1387895110614913,0.061244751522279706
0.5482701201802349,0.4937012804289944,0.35213473480793067,0.42359830633281725,0.8883396981247521
0.8292722912945255,0.2343091263334025,0.04820623121049494,0.2592007640722007,0.3908298692733969
0.3624384188837694,0.1695626278205864,0.15655685604497604,0.38165883500241704,0.6976207929494013
0.7896061562432707,0.335725150925422,0.7931424558960501,0.20582264288608576,0.32396430072197324
0.8451517186731793,0.7316559165516876,0.3030280260729509,0.7390461930729859,0.38894022289451313
0.4860932178797208,0.5746535004578248,0.07335905126766573,0.2893033277503949,0.4726575061723649
0.09223754079800439,0.7674361803303542,0.6297707697343851,0.577160383281148,0.26470071566863995
0.3430136093283943,0.6631969506698334,0.034178726964811834,0.28263442026173435,0.6961383709134279
0.9802337229070722,0.7865746819796343,0.17605656266958636,0.2525869545260725,0.14159465108617075
0.1369360066715014,0.8006233774346158,0.5068541527167467,0.51715221372639,0.619026226476043
0.9439935377261482,0.39748607536545366,0.928636966022493,0.588411941809131,0.3358183827081571
0.3439293622227857,0.32855183251415865,0.2880889936327824,0.9988639137303982,0.03407806477026454
0.8082974126453661,0.6417912104918432,0.03573467381815132,0.8355377981113699,0.2890968703072968
0.022503303745745162,0.5551632137477289,0.47399504901022327,0.5727711518003624,0.4986062759447093
0.03468979824346119,0.6845084814781233,0.628345338516028,0.05974376069864251,0.05785602167246928
0.9693172140259478,0.19902713182182852,0.20950913059662568,0.47506949913451535,0.33004581867065386
0.5841553918193135,0.9302662224611099,0.8507560085620272,0.37958158795122554,0.3694876098558769
0.7101827109507313,0.8084779249281768,0.5111448234910939,0.889511709930724,0.8170313774356778
0.6835471708678045,0.7600727248972428,0.47388299305549164,0.5403109546828068,0.4780039221509639
0.7946897975729531,0.5096076616955244,0.911238719591536,0.3180148935923076,0.4314645917924669
0.03581894292721677,0.6606647499271097,0.1413276497905549,0.9117573071822893,0.9647338064481642
0.6754939603763408,0.8083148304476112,0.12450441803345202,0.9993984395160342,0.7066588968082237
0.556108136636767,0.6630185805907245,0.3708603849151335,0.784755263059749,0.996702762631087
0.21102596714183364,0.9382804138315524,0.2108745490218078,0.014874499099192806,0.039699614892388824
0.7930025904138874,0.39697962751444327,0.45772543844520297,0.19951113300863343,0.07163085254632828
0.9408669180047031,0.6536236926958565,0.4948300820700925,0.08237682737943708,0.20080407028446579
0.15811108949801445,0.23992182567812326,0.17295149288264267,0.781079511354931,0.8200849313031694
0.8601157341372699,0.5427584153600423,0.7277844080790093,0.3324335693284026,0.3824677405712297
0.31023279619938915,0.08367631841422785,0.22244782067556823,0.5764283811759752,0.44746338528225715
0.28642746569655764,0.29710775874893325,0.7081892914675502,0.6139743440934005,0.9237212411623071
0.5324789116163601,0.03693526779342027,0.26176616804948305,0.8553947587285734,0.09870391762130937
0.6495228056532604,0.09607465651887503,0.06671179364220425,0.32085130533919237,0.17147080230709077
0.27319034301843026,0.8586369078745125,0.03317468283773184,0.2804699888286746,0.8005362301628878
0.9904073378289855,0.21535765768139004,0.38058157376019974,0.7444634103026491,0.46014488982097346
0.01626152306255091,0.7662098418980863,0.06791248694086349,0.19174539022788206,0.6859619513931451
0.7648908566518389,0.21368739898514233,0.42000473452708986,0.7002057269995506,0.25040383273912814
0.11205203494905591,0.8216182815217142,0.03165468474916677,0.6508317082506254,0.8720244824039542
0.5708181645627138,0.7444826481011825,0.6085817190272628,0.359367467441414,0.1682707273563404
0.6066094026851371,0.9406460551043151,0.4332408584611174,0.9055719299303852,0.6586847011563093
0.5935228994594062,0.4353494358805954,0.09646955133118573,0.22195047893768172,0.07113163271136469
0.28798315736736,0.3402357420211354,0.9105963725502586,0.5622788314769402,0.3075709129069739
0.26135471714851843,0.18041856557272185,0.331113435467545,0.06692975286578051,0.5842315323906108
0.5778662303350882,0.16733648778058152,0.7218775160423452,0.7106522608925009,0.9439593405793987
0.980734174203598,0.7061430587112445,0.3425244577998362,0.06418565904917861,0.8979124971605748
0.48448748067307357,0.9552677488737028,0.2876831400386759,0.025493760204721938,0.22096120955452891
0.8130000799261236,0.06332296837334561,0.8491693024556308,0.6359109741301944,0.3415643077135908
0.48145916324298166,0.499588289913491,0.03125407955771875,0.2638619368205176,0.2644861560614816
0.5652780791825733,0.020257575534790684,0.35362207379688604,0.9466827964805459,0.26645441871177533
0.37551521638350704,0.12213502937602339,0.9787502271090862,0.697719123212178,0.5791605124623039
0.3047930790001543,0.00765027617237668,0.7126532604891997,0.2650635939324574,0.2957270173054962
0.3607733767906819,0.7389612404101126,0.06602709304213139,0.9724757481951557,0.9650371387889879
0.520505242950633,0.1693627021387364,0.17969636574340664,0.8611997512461369,0.05000687333590226
0.23772898598404935,0.2629034446124875,0.6584523536233493,0.27340223897732985,0.2791488857962159
0.35445891360076465,0.290327854538179,0.17732385214326551,0.327796765972298,0.8109751669519883
0.7762303618525802,0.15752505986745513,0.5691249362763616,0.5025781826728777,0.413683453684372
0.11883976209649838,0.4796353656712673,0.7831246039869612,0.3511259989794724,0.39773782907824184
0.02746768626970819,0.695411377719383,0.32029572115639227,0.4734018347541542,0.3006550742411309
0.7298926015131069,0.9815582011774701,0.10814962976716391,0.26889657435739467,0.8936850272266159
0.004907631548352609,0.8506813034277917,0.23016849201742895,0.4649469756816217,0.792032425333531
0.152222714126505,0.16546350152234657,0.11290113704817228,0.26426939336466004,0.45464598348123275
0.4718461032254956,0.33484046189831107,0.04601465014931183,0.9925404679449666,0.4499665031099793
0.1458358045008763,0.9575472691174587,0.5248956962096203,0.8381403955704038,0.16974495921284138
0.5342789402685792,0.8636390650589766,0.004657063238483805,0.1342122527782582,0.00013505499326915693
0.32670185078554415,0.9931555267712878,0.6515621973553455,0.8945490608858581,0.2059562314147455
0.2757626859013905,0.3005689423377981,0.5038250774915292,0.34097012765699186,0.5768063268722816
0.44670167662109383,0.6986339481421932,0.7141980284090055,0.4259906037676837,0.05904809018685264
0.6649071097768416,0.20873791922144536,0.9169504166857803,0.0337218096993156,0.5498674825423929
0.6878489771548926,0.6156950198644918,0.560051832199519,0.9327718609537731,0.951709452975755
0.43543703719686433,0.9620734900561161,0.32972962652543425,0.1287937687004307,0.0739723722813932
0.5767476218342419,0.6801751804519056,0.3021501050588338,0.4502158167127982,0.8128065034067644
0.2556985209524689,0.670208521418131,0.06355788747460844,0.9188617420643244,0.18627913036714638
0.04739212891636391,0.6066856170053692,0.18463570472820756,0.8068386324985035,0.45685004195798373
0.365502865839041,0.2250212286168637,0.25362021398440804,0.4815729752864363,0.49588848359060234
0.18251787733951608,0.482843012325183,0.06912398345826487,0.5281244853905908,0.9175737332625177
0.3886799960654347,0.28072576691860196,0.5931140023442076,0.05516051744192718,0.21156520074630003
0.14986715292462105,0.7478455365515272,0.2304752494662755,0.7210546130836694,0.9691048038367305
0.4152818731843121,0.37137320960963804,0.1358618363687778,0.3645951819213925,0.7237775939951185
0.859361154132509,0.9030163836663065,0.5019992661256446,0.7573792117427919,0.491042493868864
0.5239542622479045,0.20428562863742272,0.37960125641472253,0.37679442345925207,0.024302021391403916
0.7543335793342256,0.18460325298324642,0.9730500769224988,0.7895525801473822,0.9055835762831925
0.8929308985292519,0.8728380667639462,0.9528274447036287,0.8217165640042924,0.738619388304287
0.9070618837662264,0.7094892898706091,0.6028582481516246,0.31687023860724095,0.34442033929905136
0.6359980103088181,0.9355416137259399,0.5334396015578745,0.25167990517677596,0.3681260666341386
0.31922471338224534,0.7230200146588547,0.9202714451259338,0.5197275526985872,0.46650708865533985
0.6735345462902913,0.10297264588682808,0.9447828103482487,0.10122227740343837,0.9362460246291504
0.33110267511207214,0.2058262828812395,0.6795126907285793,0.34227438721294945,0.1556774501981214
0.12040597406915277,0.30428879247822926,0.3774603761815897,0.08595915082640326,0.7763201521041247
0.6982750777837111,0.8827801692029208,0.07253128857262892,0.20265807778460965,0.15206853926436958
0.6461473276629581,0.5647618752244922,0.0930653319597412,0.9071471687175656,0.7082222487710461
0.9518848175746208,0.3818562225379136,0.8860052606700206,0.20589643345676467,0.3582688782059158
0.6910696485421034,0.34391224215255745,0.8510403610491741,0.0019287322256582584,0.41001509966722594
0.22133619890326062,0.15064856333197585,0.44993722305636574,0.6243141693579514,0.8399635859152071
0.04306295966183715,0.9515653371655848,0.9393592682276193,0.9641385937727421,0.022351539488207006
0.6047537817038592,0.2387039600635672,0.6161155176630729,0.1543714951068701,0.7300302757805778
0.7069638755691116,0.5533815346271485,0.8325350441530193,0.4129458824737712,0.9306936918845096
0.6057974933951273,0.3583481413122137,0.3399111336139262,0.31777823868542043,0.7787623577782717
0.6957425576471091,0.39114380519617153,0.6161008402069024,0.26983903165710477,0.024729692310145657
0.46121408543075093,0.3242986854047366,0.5662721749050202,0.37895388782647865,0.786925888344099
0.35460901624657104,0.04317144585115551,0.3864556149966586,0.4141958906680623,0.1506473682863978
0.3742924415793706,0.554995361325531,0.40409204787115593,0.4342405715766393,0.8446050869781948
0.8561335840432853,0.19488365106865368,0.8859435232791087,0.8846885255372946,0.5678680639391935
0.5605285251231825,0.09258672948013202,0.11795010750269386,0.6427836321783686,0.47937798738217985
0.031072030272608298,0.5081013051144189,0.41462900794804747,0.9667791677501839,0.07870651264584771
0.37850513602227454,0.17568344831939187,0.31395105396354606,0.8571538693534682,0.8167873264240425
0.062362329073887945,0.6259455063646049,0.18577103545462847,0.7705949618121021,0.6712776738487934
0.6217537476177758,0.1153978107077055,0.11025540522701649,0.19250594554337497,0.7531259828758117
0.5524296338636444,0.4494663360106177,0.625597385416734,0.29392089398643506,0.7492572288426058
0.49995237625934463,0.9447361534989348,0.07269838320255839,0.01729192222696574,0.2589444382103673
0.2594583244872374,0.9056941355366859,0.04008357660243178,0.9548007764038373,0.41900797837399173
0.8636572787399329,0.18930507389020945,0.21220176520559986,0.669312549809082,0.02268325988757569
0.808794550411806,0.556226598094334,0.7415536160595101,0.474602195853284,0.10080699976603724
0.3350365838332341,0.6255322998536355,0.13254703096783904,0.4098775963374228,0.7268401238287595
0.7138916347889178,0.49371912561579734,0.09321144013135507,0.0033588595400597665,0.5285321902327123
0.8376972873273806,0.8316053801197628,0.21108878553504373,0.27447112991319433,0.026141368504938867
0.4969413773322032,0.6161465803882714,0.6555234002116124,0.45136696817001754,0.7854297577158429
0.7392405410589855,0.7599493452998878,0.6556274665873933,0.22104665258866918,0.011766980112885461
0.9620980512708257,0.5145872388658231,0.9014987420971629,0.15922579784799062,0.5376885767036053
0.30217995618832383,0.054112045159957156,0.7158984862057451,0.9265185892148131,0.7727656549102024
0.8720386356738161,0.24945459884345345,0.9747310870177303,0.2602260493785199,0.04335406500786865
0.96482155357784,0.9593945982350798,0.9981253818990107,0.7769715582012227,0.46353925864526857
0.40276253378005944,0.7860739659209645,0.7099357999142453,0.21587952597207927,0.3385415692381317
0.8286253464360812,0.6142715597333359,0.5985315499931082,0.4886566957695141,0.19139146475895252
0.22208783635912932,0.052457107871995756,0.7524884007861254,0.30277052159511897,0.4185840771483975
0.7823346683642742,0.8581240979465713,0.39798332683662807,0.48093340768744786,0.6442825502623366
0.9261494836094973,0.9805261267339821,0.8709400331311897,0.3774949863036776,0.09552174750398945
0.8641878979286134,0.2599474879879904,0.7210131538574904,0.4427649592862254,0.7816320852247131
0.7118641761938901,0.038533672996179824,0.5545744646719073,0.2712420387830742,0.19908403688315346
0.7599181110981511,0.6647374627366195,0.5744891862545499,0.9152355377474328,0.7086887035649264
0.4888790347185853,0.38028754911768103,0.4248667043992046,0.9888548828092227,0.16604708182697947
0.6093205795972836,0.4948254348437324,0.3447483506272703,0.5230033877275967,0.15165783041796943
0.9060345652992284,0.11420602497379273,0.6567663884160464,0.6256018263766562,0.057961688341490514
0.5874926100187312,0.014056193586568067,0.36374473788753614,0.4561735763338932,0.3065852848354098
0.21823227600822248,0.86535910486891,0.39642766312481825,0.275248774630823,0.003751066908810663
0.1884154705992498,0.6748164163601476,0.20401492834694024,0.3133849361973884,0.15899917819868226
0.7381591832279042,0.6191320944894115,0.8887710304440037,0.5740460398786116,0.4014845764913285
0.5833191507177965,0.10031199477963493,0.10131642890054215,0.23246343100143352,0.04590937573733955
0.6011616812911084,0.1709648545502458,0.77562646841792,0.19167814783390147,0.9487711988075829
0.69412537645879,0.9023459275195155,0.4018205262660677,0.447471433405922,0.5493598617876435
0.37101870908725665,0.8004704880810339,0.031702550160941256,0.5554062803451283,0.2615495987949672
0.6258545715650655,0.17435500837539097,0.06507500528906418,0.37331843061831305,0.15963375833868199
0.36953426523147526,0.28887101018159644,0.6349963949676369,0.5833180627261886,0.6436547467665633
0.9425219355192616,0.841639058344031,0.3806472102224633,0.6314070617898557,0.14252834266006775
0.8794744386241046,0.41029916164256697,0.9321766135257633,0.509039837809858,0.4221336480303911
0.6355724451845105,0.8889711715145161,0.9448656912037997,0.10265208538475712,0.5346827944460222
0.1479856231295129,0.023582632685986926,0.30216911188420637,0.8285909558098651,0.2477903689075147
0.8468107280817878,0.4281511880521883,0.6719047554243448,0.5907530200960748,0.8099619086823131
0.2140007829590932,0.60822812185065,0.36467103494474407,0.37087628617026,0.9658057192063175
0.6033443794334711,0.48943327540714854,0.42452228691672567,0.4082469869975365,0.2646948357333796
0.1639013711507079,0.2821123951998985,0.944136082882173,0.16506576797244332,0.10117963746102976
0.11697036254638604,0.9141386457621422,0.22073691028692355,0.8606533842641828,0.04583353030421722
0.40356907132194353,0.5127713155151383,0.33648009663629386,0.2685804052201315,0.039840322934358685
0.9555176764821988,0.31350998392844254,0.9819501383646824,0.3679778322805308,0.23672617745847868
0.7367393586914832,0.6373914710001113,0.6214166050209746,0.8544509319483602,0.4822273791158421
0.6388276479688552,0.2155524119620873,0.47071903015161887,0.7581359418795005,0.7231932554956755
0.0932777266382313,0.5199221962708949,0.7373320835385523,0.6411650969897937,0.04030333910173689
0.8378754830027944,0.3084902326210106,0.4189845746430453,0.6794154126136834,0.4900645753002324
0.894532446791501,0.8794055993917014,0.38342303442327175,0.7861971013416519,0.6427498695977079
0.9263081026861429,0.6009743115841966,0.983804827339679,0.5908820167498959,0.05479656296383373
0.2538332802644584,0.4768054567971478,0.3314758161347414,0.22123279882692082,0.3845849229676056
0.27887755113596135,0.4910864212748872,0.7521836380548387,0.39583748371584404,0.05980775754729328
0.983262947522248,0.6253303724686609,0.8545736485759304,0.06500756285594556,0.8128974745947931
0.48317451837852976,0.4959143949673721,0.5768475143787255,0.24442781180179696,0.8915437892193694
0.1649622639327668,0.5466475570986739,0.17753196841798047,0.07152396448126441,0.6905476865268563
0.07738796433645034,0.01879995541551105,0.4837875215044699,0.8942357303603007,0.06192711378283133
0.7363222053088042,0.10518122061641533,0.5607455086613214,0.6196780346830404,0.8019431730632363
0.46019531724523277,0.32946883593880916,0.06344546387637495,0.7769146928305142,0.1608857756231281
0.9611910340067182,0.8915688879344374,0.03194016525808441,0.027886592843260782,0.8822567467886793
0.7607929736437712,0.8574489299986701,0.966772483173451,0.57289656803709,0.214883187295957
0.26499788512165434,0.1305725171586396,0.042017383914782824,0.30461480601964297,0.11833695161696323
0.31333935348390507,0.1603631908557167,0.6067148594550635,0.274542001629123,0.8173714965754352
0.9397543895206278,0.26278739014496144,0.306620316166781,0.810755052209783,0.5303693984934976
0.6529182427330998,0.7520681689636719,0.7468995738653496,0.8374920712912224,0.5838731857673107
0.01994968130708319,0.6408744175314438,0.06922178712399762,0.6579677058534854,0.4120935497853312
0.9213609573960289,0.41949913425084207,0.24975593837667465,0.4088658868695403,0.22107914251808425
0.5845821409167671,0.8377041469914078,0.48540416980876777,0.591970037485539,0.34904286197464496
0.694157306405432,0.915600225052543,0.7005735111329597,0.9001363726739099,0.2660584157994368
0.14922893765896794,0.27572639085907136,0.6990361084600265,0.39445910714603993,0.3426002942129708
0.23299645229863475,0.4035469767140908,0.733349080901036,0.6418510051845618,0.6759826456422254
0.8383703535651695,0.3969834137329815,0.46186142575389855,0.4095133037340045,0.25899495781475135
0.4636867754012425,0.2876320897930198,0.4132074597095421,0.9921363991208331,0.09681480253042607
0.6218860620198587,0.492154637599729,0.5572192319711929,0.86606245760753,0.9730138665081267
0.47100983148429165,0.37773156522470974,0.2879235889601306,0.1299360423584106,0.961936758201805
0.940187361703846,0.3204088043570483,0.6429310392344832,0.9812936834655397,0.7591196170672727
0.5315260366580932,0.8016910606967704,0.15196497595938552,0.36435665780698856,0.3195542867156761
0.32577495725039574,0.3460407900638264,0.8929131619039611,0.46044994306601217,0.8335719520942075
